Agent,Skill,Proficiency,Desire To Use
cz_arazim,CZ_Linka_Pomoci_Ridicum,50,50
cz_arazim,CZ_T2,1,1
cz_arazim,CZ_Generali_Info,50,50
cz_arazim,CZ_M1,50,50
cz_arazim,CZ_Czech,3,1
cz_arazim,CZ_Slovak,1,1
cz_arazim,CZ_Europ_Assist,1,1
cz_arazim,CZ_T1,1,1
cz_arazim,CZ_T3,1,1
cz_arazim,CZ_Tech2,1,1
cz_arazim,CZ_Home,1,1
cz_arazim,CZ_Home_SK,1,1
cz_arazim,CZ_Medipartner,50,50
cz_bahnik,CZ_Linka_Pomoci_Ridicum,50,37
cz_bahnik,CZ_NCP,50,50
cz_bahnik,CZ_T2,50,25
cz_bahnik,CZ_LPR_Internal,1,1
cz_bahnik,CZ_DKV_Assist,50,50
cz_bahnik,CZ_Czech,3,1
cz_bahnik,CZ_Tech2,50,7
cz_bahnik,CZ_Claims,1,1
cz_bahnik,CZ_Network,50,25
cz_bahnik,CZ_Junk,1,1
cz_bahnik,CZ_Information,1,1
cz_bahnik,CZ_Home,50,37
cz_bahnik,CZ_Waranty,1,1
cz_bahnik,CZ_Tech,75,25
cz_bahnik,CZ_Home_SK,50,37
cz_bahnik,CZ_EA_QualityCalls,1,1
cz_bahnik,CZ_T3,50,37
cz_bahnik,CZ_Telematika,50,50
cz_bahnik,CZ_T4,50,50
cz_bahnik,CZ_T1,50,12
cz_bahnik,CZ_Cerveny_kriz,50,50
cz_bahnik,CZ_EA_Pojisteni,1,1
cz_bahnik,CZ_EAKrize,1,1
cz_bahnik,CZ_Slovak,1,1
cz_bahnik,CZ_Generali_Info,50,37
cz_bahnik,CZ_Europ_Assist,50,37
cz_bahnik,CZ_Fiat_Info,50,12
cz_balcar,CZ_Linka_Pomoci_Ridicum,50,37
cz_balcar,CZ_NCP,50,50
cz_balcar,CZ_T2,50,7
cz_balcar,CZ_Tech2,50,50
cz_balcar,CZ_DKV_Assist,50,7
cz_balcar,CZ_T4,50,7
cz_balcar,CZ_T3,50,7
cz_balcar,CZ_T1,50,7
cz_balcar,CZ_CCNCP,50,50
cz_balcar,CZ_Network,50,25
cz_balcar,CZ_Czech,3,1
cz_balcar,CZ_Slovak,1,1
cz_benakova,CZ_Czech,1,1
cz_benakova,CZ_Slovak,1,1
cz_bergmann,CZ_Linka_Pomoci_Ridicum,50,37
cz_bergmann,CZ_NCP,50,50
cz_bergmann,CZ_T2,50,50
cz_bergmann,CZ_Tech2,50,7
cz_bergmann,CZ_Czech,3,1
cz_bergmann,CZ_Slovak,1,1
cz_bergmann,CZ_T1,50,50
cz_bergmann,CZ_DKV_Assist,50,1
cz_bergmann,CZ_T3,50,1
cz_bergmann,CZ_T4,50,1
cz_bergmann,CZ_Europ_Assist,50,1
cz_bibkova,CZ_Linka_Pomoci_Ridicum,50,37
cz_bibkova,CZ_NCP,50,50
cz_bibkova,CZ_T2,50,25
cz_bibkova,CZ_Concierge,50,25
cz_bibkova,CZ_LPR_Internal,1,1
cz_bibkova,CZ_Generali_Info,50,37
cz_bibkova,CZ_T4,50,50
cz_bibkova,CZ_T3,50,37
cz_bibkova,CZ_T1,50,12
cz_bibkova,CZ_M3,50,12
cz_bibkova,CZ_M2,50,12
cz_bibkova,CZ_M1,50,12
cz_bibkova,CZ_Home_SK,50,37
cz_bibkova,CZ_EA_QualityCalls,1,1
cz_bibkova,CZ_Network,50,25
cz_bibkova,CZ_Czech,1,1
cz_bibkova,CZ_Slovak,3,1
cz_bibkova,CZ_Europ_Assist,50,37
cz_bibkova,CZ_Home,50,37
cz_bibkova,CZ_EA_Pojisteni,1,1
cz_bibkova,CZ_Cerveny_kriz,50,50
cz_bibkova,CZ_Fiat_Info,50,12
cz_bibkova,CZ_Telematika,50,50
cz_bibkova,CZ_Tech,100,1
cz_bibkova,CZ_Generali_Insolvence,1,1
cz_bibkova,CZ_ECP_Insolvence,1,1
cz_bibkova,CZ_Medical,1,1
cz_bibkova,CZ_Information,1,1
cz_bibkova,CZ_Waranty,1,1
cz_bibkova,CZ_Claims,1,1
cz_bibkova,CZ_Junk,1,1
cz_bibkova,CZ_EA_Exclusive,1,1
cz_bibkova,CZ_DKV_Assist,50,50
cz_brigadnik,CZ_Linka_Pomoci_Ridicum,50,50
cz_brigadnik,CZ_T2,50,25
cz_brigadnik,CZ_Concierge,50,25
cz_brigadnik,CZ_LPR_Internal,1,1
cz_brigadnik,CZ_Generali_Info,50,37
cz_brigadnik,CZ_DKV_Assist,50,50
cz_brigadnik,CZ_T4,50,50
cz_brigadnik,CZ_T3,50,37
cz_brigadnik,CZ_T1,50,12
cz_brigadnik,CZ_M3,50,12
cz_brigadnik,CZ_M2,50,12
cz_brigadnik,CZ_M1,50,12
cz_brigadnik,CZ_Home_SK,50,37
cz_brigadnik,CZ_EA_QualityCalls,1,1
cz_brigadnik,CZ_Network,50,25
cz_brigadnik,CZ_Czech,3,1
cz_brigadnik,CZ_Slovak,1,1
cz_brigadnik,CZ_Europ_Assist,50,37
cz_brigadnik,CZ_Home,50,37
cz_brigadnik,CZ_EA_Pojisteni,1,1
cz_brigadnik,CZ_Cerveny_kriz,50,50
cz_brigadnik,CZ_Fiat_Info,50,12
cz_brigadnik,CZ_Telematika,50,50
cz_brigadnik,CZ_Tech,100,1
cz_brigadnik,CZ_Generali_Insolvence,1,1
cz_brigadnik,CZ_ECP_Insolvence,1,1
cz_brigadnik,CZ_Medical,1,1
cz_brigadnik,CZ_Information,1,1
cz_brigadnik,CZ_Waranty,1,1
cz_brigadnik,CZ_Claims,1,1
cz_brigadnik,CZ_Junk,1,1
cz_briki,CZ_Linka_Pomoci_Ridicum,50,50
cz_briki,CZ_Generali_Info,50,25
cz_briki,CZ_M3,50,50
cz_briki,CZ_M2,50,37
cz_briki,CZ_M1,50,25
cz_briki,CZ_EA_QualityCalls,1,1
cz_briki,CZ_Network,1,1
cz_briki,CZ_Czech,3,1
cz_briki,CZ_Slovak,1,1
cz_briki,CZ_Europ_Assist,50,50
cz_burinska,CZ_Linka_Pomoci_Ridicum,50,37
cz_burinska,CZ_NCP,50,50
cz_burinska,CZ_T2,50,7
cz_burinska,CZ_Tech2,50,50
cz_burinska,CZ_DKV_Assist,50,7
cz_burinska,CZ_T4,50,7
cz_burinska,CZ_T3,50,7
cz_burinska,CZ_T1,50,7
cz_burinska,CZ_CCNCP,50,50
cz_burinska,CZ_Network,50,25
cz_burinska,CZ_Czech,3,1
cz_burinska,CZ_Slovak,1,1
cz_cajthaml,CZ_Tech2,50,50
cz_cajthaml,CZ_Czech,3,1
cz_cajthaml,CZ_Slovak,1,1
cz_cajthaml,CZ_Junk,1,1
cz_capova,CZ_Linka_Pomoci_Ridicum,50,37
cz_capova,CZ_NCP,50,50
cz_capova,CZ_T2,50,25
cz_capova,CZ_Concierge,50,25
cz_capova,CZ_LPR_Internal,1,1
cz_capova,CZ_Tech2,50,7
cz_capova,CZ_Generali_Info,50,37
cz_capova,CZ_T4,50,50
cz_capova,CZ_T3,50,37
cz_capova,CZ_T1,50,12
cz_capova,CZ_M3,50,12
cz_capova,CZ_M2,50,12
cz_capova,CZ_M1,50,12
cz_capova,CZ_Home_SK,50,37
cz_capova,CZ_EA_QualityCalls,1,1
cz_capova,CZ_Network,50,37
cz_capova,CZ_Czech,3,1
cz_capova,CZ_Slovak,1,1
cz_capova,CZ_Europ_Assist,50,37
cz_capova,CZ_Home,50,37
cz_capova,CZ_EA_Pojisteni,1,1
cz_capova,CZ_Cerveny_kriz,50,50
cz_capova,CZ_Fiat_Info,50,12
cz_capova,CZ_Telematika,50,50
cz_capova,CZ_Tech,100,1
cz_capova,CZ_Generali_Insolvence,1,1
cz_capova,CZ_ECP_Insolvence,1,1
cz_capova,CZ_Medical,1,1
cz_capova,CZ_Information,1,1
cz_capova,CZ_Waranty,1,1
cz_capova,CZ_Claims,1,1
cz_capova,CZ_Junk,1,1
cz_capova,CZ_DKV_Assist,50,50
cz_cecotka,CZ_Linka_Pomoci_Ridicum,50,37
cz_cecotka,CZ_NCP,50,50
cz_cecotka,CZ_T2,50,7
cz_cecotka,CZ_Tech2,50,50
cz_cecotka,CZ_DKV_Assist,50,7
cz_cecotka,CZ_T4,50,7
cz_cecotka,CZ_T3,50,7
cz_cecotka,CZ_T1,50,7
cz_cecotka,CZ_CCNCP,50,50
cz_cecotka,CZ_Network,50,37
cz_cecotka,CZ_Czech,3,1
cz_cecotka,CZ_Slovak,1,1
cz_cenek,CZ_Network,50,37
cz_cenek,CZ_Czech,3,1
cz_cenek,CZ_Slovak,1,1
cz_cernys,CZ_Linka_Pomoci_Ridicum,50,50
cz_cernys,CZ_T2,50,5
cz_cernys,CZ_Generali_Info,50,50
cz_cernys,CZ_T4,50,5
cz_cernys,CZ_T3,50,5
cz_cernys,CZ_T1,50,5
cz_cernys,CZ_Home_SK,50,50
cz_cernys,CZ_EA_QualityCalls,1,1
cz_cernys,CZ_Network,50,25
cz_cernys,CZ_Czech,3,1
cz_cernys,CZ_Slovak,1,1
cz_cernys,CZ_Europ_Assist,50,37
cz_cernys,CZ_Home,50,50
cz_cernys,CZ_EA_Pojisteni,1,1
cz_cernys,CZ_Fiat_Info,50,25
cz_cernys,CZ_Tech,1,1
cz_cernys,CZ_Information,50,50
cz_cernys,CZ_Junk,1,1
cz_chlapikova,CZ_Linka_Pomoci_Ridicum,50,50
cz_chlapikova,CZ_T2,50,25
cz_chlapikova,CZ_Concierge,50,50
cz_chlapikova,CZ_LPR_Internal,1,1
cz_chlapikova,CZ_Medipartner,50,50
cz_chlapikova,CZ_Generali_Info,50,37
cz_chlapikova,CZ_DKV_Assist,50,50
cz_chlapikova,CZ_T4,50,50
cz_chlapikova,CZ_T3,50,37
cz_chlapikova,CZ_T1,50,12
cz_chlapikova,CZ_Home_SK,50,37
cz_chlapikova,CZ_EA_QualityCalls,1,1
cz_chlapikova,CZ_Network,50,25
cz_chlapikova,CZ_Czech,1,1
cz_chlapikova,CZ_Slovak,3,1
cz_chlapikova,CZ_Europ_Assist,50,37
cz_chlapikova,CZ_Home,50,37
cz_chlapikova,CZ_EA_Pojisteni,1,1
cz_chlapikova,CZ_Cerveny_kriz,50,50
cz_chlapikova,CZ_Fiat_Info,50,12
cz_chlapikova,CZ_Telematika,50,50
cz_chlapikova,CZ_Tech,100,1
cz_chlapikova,CZ_Generali_Insolvence,1,1
cz_chlapikova,CZ_ECP_Insolvence,1,1
cz_chlapikova,CZ_Information,1,1
cz_chlapikova,CZ_Waranty,1,1
cz_chlapikova,CZ_Claims,1,1
cz_chlapikova,CZ_Junk,1,1
cz_chlapikova,CZ_Tech2,1,1
cz_cizkova,CZ_Linka_Pomoci_Ridicum,50,37
cz_cizkova,CZ_NCP,50,50
cz_cizkova,CZ_T2,50,7
cz_cizkova,CZ_Tech2,50,50
cz_cizkova,CZ_DKV_Assist,50,7
cz_cizkova,CZ_T4,50,7
cz_cizkova,CZ_T3,50,7
cz_cizkova,CZ_T1,50,7
cz_cizkova,CZ_CCNCP,50,50
cz_cizkova,CZ_Network,50,25
cz_cizkova,CZ_Czech,3,1
cz_cizkova,CZ_Slovak,1,1
cz_colrainova,CZ_Linka_Pomoci_Ridicum,50,50
cz_colrainova,CZ_T2,1,1
cz_colrainova,CZ_Generali_Info,50,25
cz_colrainova,CZ_M3,50,50
cz_colrainova,CZ_M2,50,37
cz_colrainova,CZ_M1,50,25
cz_colrainova,CZ_EA_QualityCalls,1,1
cz_colrainova,CZ_Network,1,1
cz_colrainova,CZ_Czech,3,1
cz_colrainova,CZ_Slovak,1,1
cz_colrainova,CZ_Europ_Assist,50,50
cz_colrainova,CZ_Medical,50,12
cz_colrainova,CZ_Junk,1,1
cz_colrainova,CZ_Tech2,1,1
cz_colrainova,CZ_T1,1,1
cz_colrainova,CZ_T3,1,1
cz_colrainova,CZ_Home,1,1
cz_crha,CZ_Linka_Pomoci_Ridicum,50,37
cz_crha,CZ_NCP,50,50
cz_crha,CZ_T2,50,7
cz_crha,CZ_Tech2,50,50
cz_crha,CZ_DKV_Assist,50,7
cz_crha,CZ_T4,50,7
cz_crha,CZ_T3,50,7
cz_crha,CZ_T1,50,7
cz_crha,CZ_Network,50,25
cz_crha,CZ_Czech,3,1
cz_crha,CZ_Slovak,1,1
cz_dolezal,CZ_Linka_Pomoci_Ridicum,50,50
cz_dolezal,CZ_Tech2,50,50
cz_dolezal,CZ_CCNCP,50,50
cz_dolezal,CZ_Czech,3,1
cz_dolezal,CZ_Slovak,1,1
cz_duchackova,CZ_Czech,3,1
cz_duchackova,CZ_Slovak,1,1
cz_egert,CZ_T2,1,1
cz_egert,CZ_Slovak,1,1
cz_egert,CZ_Czech,3,1
cz_egert,CZ_T1,1,1
cz_egert,CZ_T3,1,1
cz_egert,CZ_T4,1,1
cz_egert,CZ_Tech2,1,1
cz_egert,CZ_DKV_Assist,1,1
cz_ehrenbergerova,CZ_EA_QualityCalls,50,50
cz_ehrenbergerova,CZ_Czech,3,1
cz_eichler,CZ_Linka_Pomoci_Ridicum,50,50
cz_eichler,CZ_T2,50,25
cz_eichler,CZ_Concierge,50,25
cz_eichler,CZ_LPR_Internal,1,1
cz_eichler,CZ_Generali_Info,50,37
cz_eichler,CZ_DKV_Assist,50,50
cz_eichler,CZ_T4,50,50
cz_eichler,CZ_T3,50,37
cz_eichler,CZ_T1,50,12
cz_eichler,CZ_M3,50,12
cz_eichler,CZ_M2,50,12
cz_eichler,CZ_M1,50,12
cz_eichler,CZ_Home_SK,50,37
cz_eichler,CZ_EA_QualityCalls,1,1
cz_eichler,CZ_Network,50,25
cz_eichler,CZ_Czech,3,1
cz_eichler,CZ_Slovak,1,1
cz_eichler,CZ_Europ_Assist,50,37
cz_eichler,CZ_Home,50,37
cz_eichler,CZ_EA_Pojisteni,1,1
cz_eichler,CZ_Cerveny_kriz,50,50
cz_eichler,CZ_Fiat_Info,50,12
cz_eichler,CZ_Telematika,50,50
cz_eichler,CZ_Tech,100,1
cz_eichler,CZ_Generali_Insolvence,1,1
cz_eichler,CZ_ECP_Insolvence,1,1
cz_eichler,CZ_Medical,1,1
cz_eichler,CZ_Information,1,1
cz_eichler,CZ_Waranty,1,1
cz_eichler,CZ_Claims,1,1
cz_eichler,CZ_Junk,1,1
cz_engler,CZ_Linka_Pomoci_Ridicum,50,50
cz_engler,CZ_T2,50,1
cz_engler,CZ_Concierge,50,37
cz_engler,CZ_LPR_Internal,1,1
cz_engler,CZ_Generali_Info,50,25
cz_engler,CZ_DKV_Assist,50,25
cz_engler,CZ_T4,50,1
cz_engler,CZ_T3,50,1
cz_engler,CZ_T1,50,1
cz_engler,CZ_M3,50,50
cz_engler,CZ_M2,50,37
cz_engler,CZ_M1,50,25
cz_engler,CZ_Home_SK,50,25
cz_engler,CZ_EA_QualityCalls,1,1
cz_engler,CZ_Czech,1,1
cz_engler,CZ_Slovak,3,1
cz_engler,CZ_Europ_Assist,50,50
cz_engler,CZ_Home,50,25
cz_engler,CZ_EA_Pojisteni,1,1
cz_engler,CZ_Cerveny_kriz,50,50
cz_engler,CZ_Fiat_Info,50,5
cz_engler,CZ_Telematika,50,25
cz_engler,CZ_Tech,1,1
cz_engler,CZ_Generali_Insolvence,50,50
cz_engler,CZ_ECP_Insolvence,50,50
cz_engler,CZ_Medical,50,12
cz_engler,CZ_Information,1,1
cz_engler,CZ_Waranty,1,1
cz_engler,CZ_Junk,1,1
cz_engler,CZ_Medipartner_Marketing,1,1
cz_felkl,CZ_Linka_Pomoci_Ridicum,50,37
cz_felkl,CZ_NCP,50,50
cz_felkl,CZ_T2,50,7
cz_felkl,CZ_Tech2,50,50
cz_felkl,CZ_DKV_Assist,50,7
cz_felkl,CZ_T4,50,7
cz_felkl,CZ_T3,50,7
cz_felkl,CZ_T1,50,7
cz_felkl,CZ_CCNCP,50,50
cz_felkl,CZ_Network,50,25
cz_felkl,CZ_Czech,3,1
cz_felkl,CZ_Slovak,1,1
cz_fendrychova,CZ_Home_SK,50,50
cz_fendrychova,CZ_Home,50,50
cz_fendrychova,CZ_Czech,3,1
cz_fendrychova,CZ_Slovak,1,1
cz_formanek,CZ_Linka_Pomoci_Ridicum,50,50
cz_formanek,CZ_T2,50,1
cz_formanek,CZ_Concierge,50,37
cz_formanek,CZ_Generali_Info,50,25
cz_formanek,CZ_DKV_Assist,50,25
cz_formanek,CZ_T4,50,1
cz_formanek,CZ_T3,50,1
cz_formanek,CZ_T1,50,1
cz_formanek,CZ_M3,50,50
cz_formanek,CZ_M2,50,37
cz_formanek,CZ_M1,50,25
cz_formanek,CZ_Home_SK,50,25
cz_formanek,CZ_EA_QualityCalls,1,1
cz_formanek,CZ_Network,1,1
cz_formanek,CZ_Czech,3,1
cz_formanek,CZ_Slovak,1,1
cz_formanek,CZ_Europ_Assist,50,50
cz_formanek,CZ_Home,50,25
cz_formanek,CZ_EA_Pojisteni,1,1
cz_formanek,CZ_Fiat_Info,50,5
cz_formanek,CZ_Tech,1,1
cz_formanek,CZ_Generali_Insolvence,50,50
cz_formanek,CZ_ECP_Insolvence,50,50
cz_formanek,CZ_Medical,50,12
cz_formanek,CZ_Information,1,1
cz_formanek,CZ_Waranty,1,1
cz_formanek,CZ_Junk,1,1
cz_formanek,CZ_Tech2,1,1
cz_formanek,CZ_Medipartner,50,50
cz_francovak,CZ_Czech,3,1
cz_francovak,CZ_Slovak,1,1
cz_francovak,CZ_Home,50,50
cz_francovak,CZ_Home_SK,50,50
cz_francovak,CZ_Generali_Info,50,50
cz_francovak,CZ_Information,50,50
cz_fuskova,CZ_Network,50,50
cz_fuskova,CZ_Czech,3,1
cz_fuskova,CZ_Slovak,1,1
cz_garaiova,CZ_Network,50,50
cz_garaiova,CZ_Czech,3,1
cz_garaiova,CZ_Slovak,1,1
cz_garaiova,CZ_Home_SK,50,50
cz_garaiova,CZ_Home,1,1
cz_gulyas,CZ_Network,50,37
cz_gulyas,CZ_Czech,1,1
cz_gulyas,CZ_Slovak,3,1
cz_hajkova,CZ_Linka_Pomoci_Ridicum,50,50
cz_hajkova,CZ_Concierge,50,50
cz_hajkova,CZ_Czech,3,1
cz_hajkova,CZ_Slovak,1,1
cz_hajkova,CZ_Medical,50,50
cz_hajkova,CZ_Junk,1,1
cz_hak,CZ_Linka_Pomoci_Ridicum,50,37
cz_hak,CZ_T2,50,37
cz_hak,CZ_T1,50,50
cz_hak,CZ_Czech,3,1
cz_hak,CZ_Slovak,1,1
cz_havlicek,CZ_Linka_Pomoci_Ridicum,50,37
cz_havlicek,CZ_Generali_Info,50,50
cz_havlicek,CZ_Home_SK,50,50
cz_havlicek,CZ_EA_QualityCalls,1,1
cz_havlicek,CZ_Network,50,25
cz_havlicek,CZ_Czech,3,1
cz_havlicek,CZ_Slovak,1,1
cz_havlicek,CZ_Europ_Assist,50,37
cz_havlicek,CZ_Home,50,50
cz_havlicek,CZ_EA_Pojisteni,1,1
cz_havlicek,CZ_Fiat_Info,50,25
cz_havlicek,CZ_Tech,1,1
cz_havlicek,CZ_Information,25,75
cz_havlicek,CZ_Junk,1,1
cz_henke,CZ_Linka_Pomoci_Ridicum,50,50
cz_henke,CZ_M2,50,50
cz_henke,CZ_M1,50,37
cz_henke,CZ_EA_QualityCalls,1,1
cz_henke,CZ_Network,1,1
cz_henke,CZ_Czech,3,1
cz_henke,CZ_Slovak,1,1
cz_henke,CZ_Europ_Assist,50,50
cz_herdin,CZ_Linka_Pomoci_Ridicum,50,37
cz_herdin,CZ_Tech2,50,50
cz_herdin,CZ_CCNCP,50,50
cz_herdin,CZ_Czech,3,1
cz_herdin,CZ_Slovak,1,1
cz_hertlova,CZ_Linka_Pomoci_Ridicum,50,37
cz_hertlova,CZ_NCP,50,50
cz_hertlova,CZ_T2,50,7
cz_hertlova,CZ_Tech2,50,50
cz_hertlova,CZ_DKV_Assist,50,7
cz_hertlova,CZ_T4,50,7
cz_hertlova,CZ_T3,50,7
cz_hertlova,CZ_T1,50,7
cz_hertlova,CZ_CCNCP,50,50
cz_hertlova,CZ_Network,50,25
cz_hertlova,CZ_Czech,3,1
cz_hertlova,CZ_Slovak,1,1
cz_hieslova,CZ_Linka_Pomoci_Ridicum,50,50
cz_hieslova,CZ_Generali_Info,50,50
cz_hieslova,CZ_Home_SK,50,50
cz_hieslova,CZ_EA_QualityCalls,1,1
cz_hieslova,CZ_Network,50,25
cz_hieslova,CZ_Czech,3,1
cz_hieslova,CZ_Slovak,1,1
cz_hieslova,CZ_Europ_Assist,50,37
cz_hieslova,CZ_Home,50,50
cz_hieslova,CZ_EA_Pojisteni,1,1
cz_hieslova,CZ_Fiat_Info,50,25
cz_hieslova,CZ_Tech,1,1
cz_hieslova,CZ_Information,25,75
cz_hieslova,CZ_Junk,1,1
cz_hlavaty,CZ_Linka_Pomoci_Ridicum,50,12
cz_hlavaty,CZ_Concierge,50,50
cz_hlavaty,CZ_Home_SK,50,25
cz_hlavaty,CZ_Czech,3,1
cz_hlavaty,CZ_Slovak,1,1
cz_hlavaty,CZ_Home,50,25
cz_hlavaty,CZ_Medical,50,50
cz_hlavaty,CZ_Information,1,1
cz_hlavaty,CZ_Junk,1,1
cz_hlavatyj,CZ_Linka_Pomoci_Ridicum,50,37
cz_hlavatyj,CZ_T2,50,25
cz_hlavatyj,CZ_LPR_Internal,1,1
cz_hlavatyj,CZ_Tech2,50,7
cz_hlavatyj,CZ_Generali_Info,50,37
cz_hlavatyj,CZ_DKV_Assist,50,50
cz_hlavatyj,CZ_T4,50,50
cz_hlavatyj,CZ_T3,50,37
cz_hlavatyj,CZ_T1,50,12
cz_hlavatyj,CZ_Home_SK,50,37
cz_hlavatyj,CZ_EA_QualityCalls,1,1
cz_hlavatyj,CZ_Network,50,25
cz_hlavatyj,CZ_Czech,3,1
cz_hlavatyj,CZ_Slovak,1,1
cz_hlavatyj,CZ_Europ_Assist,50,37
cz_hlavatyj,CZ_Home,50,37
cz_hlavatyj,CZ_EA_Pojisteni,1,1
cz_hlavatyj,CZ_Cerveny_kriz,50,50
cz_hlavatyj,CZ_Fiat_Info,50,12
cz_hlavatyj,CZ_Telematika,50,50
cz_hlavatyj,CZ_Tech,75,25
cz_hlavatyj,CZ_Information,1,1
cz_hlavatyj,CZ_Waranty,1,1
cz_hlavatyj,CZ_Junk,1,1
cz_horakova,CZ_Linka_Pomoci_Ridicum,50,37
cz_horakova,CZ_Generali_Info,50,50
cz_horakova,CZ_Home_SK,50,50
cz_horakova,CZ_Czech,3,1
cz_horakova,CZ_Slovak,1,1
cz_horakova,CZ_Europ_Assist,50,37
cz_horakova,CZ_Home,50,50
cz_horakova,CZ_EA_Pojisteni,1,1
cz_horakova,CZ_Fiat_Info,50,25
cz_horakova,CZ_Tech,1,1
cz_horakova,CZ_Information,50,50
cz_horakova,CZ_Junk,1,1
cz_hornychova,CZ_Linka_Pomoci_Ridicum,50,37
cz_hornychova,CZ_T2,50,5
cz_hornychova,CZ_Generali_Info,50,50
cz_hornychova,CZ_T4,50,5
cz_hornychova,CZ_T3,50,5
cz_hornychova,CZ_T1,50,5
cz_hornychova,CZ_Home_SK,50,50
cz_hornychova,CZ_EA_QualityCalls,1,1
cz_hornychova,CZ_Network,50,25
cz_hornychova,CZ_Czech,3,1
cz_hornychova,CZ_Slovak,1,1
cz_hornychova,CZ_Europ_Assist,50,37
cz_hornychova,CZ_Home,50,50
cz_hornychova,CZ_EA_Pojisteni,1,1
cz_hornychova,CZ_Fiat_Info,50,37
cz_hornychova,CZ_Tech,1,1
cz_hornychova,CZ_Information,50,50
cz_hornychova,CZ_Junk,1,1
cz_hrncirova,CZ_Linka_Pomoci_Ridicum,50,37
cz_hrncirova,CZ_Generali_Info,50,50
cz_hrncirova,CZ_Home_SK,50,50
cz_hrncirova,CZ_EA_QualityCalls,1,1
cz_hrncirova,CZ_Network,50,25
cz_hrncirova,CZ_Czech,3,1
cz_hrncirova,CZ_Slovak,1,1
cz_hrncirova,CZ_Europ_Assist,50,37
cz_hrncirova,CZ_Home,50,50
cz_hrncirova,CZ_EA_Pojisteni,1,1
cz_hrncirova,CZ_Fiat_Info,50,25
cz_hrncirova,CZ_Tech,1,1
cz_hrncirova,CZ_Information,25,75
cz_hrncirova,CZ_Junk,1,1
cz_hrubovsky,CZ_Linka_Pomoci_Ridicum,50,37
cz_hrubovsky,CZ_T2,50,5
cz_hrubovsky,CZ_Medipartner,50,50
cz_hrubovsky,CZ_Generali_Info,50,50
cz_hrubovsky,CZ_T4,50,5
cz_hrubovsky,CZ_T3,50,5
cz_hrubovsky,CZ_T1,50,5
cz_hrubovsky,CZ_Home_SK,50,50
cz_hrubovsky,CZ_EA_QualityCalls,1,1
cz_hrubovsky,CZ_Network,50,25
cz_hrubovsky,CZ_Czech,1,1
cz_hrubovsky,CZ_Slovak,3,1
cz_hrubovsky,CZ_Europ_Assist,50,37
cz_hrubovsky,CZ_Home,50,50
cz_hrubovsky,CZ_EA_Pojisteni,1,1
cz_hrubovsky,CZ_Fiat_Info,50,25
cz_hrubovsky,CZ_Tech,1,1
cz_hrubovsky,CZ_Information,50,50
cz_hrubovsky,CZ_Junk,1,1
cz_ilcikova,CZ_Linka_Pomoci_Ridicum,50,50
cz_ilcikova,CZ_T2,50,1
cz_ilcikova,CZ_Concierge,50,37
cz_ilcikova,CZ_Generali_Info,50,25
cz_ilcikova,CZ_DKV_Assist,50,25
cz_ilcikova,CZ_T4,50,1
cz_ilcikova,CZ_T3,50,1
cz_ilcikova,CZ_M3,50,50
cz_ilcikova,CZ_M2,50,37
cz_ilcikova,CZ_M1,50,25
cz_ilcikova,CZ_Home_SK,50,25
cz_ilcikova,CZ_EA_QualityCalls,1,1
cz_ilcikova,CZ_Network,1,1
cz_ilcikova,CZ_Czech,3,1
cz_ilcikova,CZ_Slovak,1,1
cz_ilcikova,CZ_Europ_Assist,50,50
cz_ilcikova,CZ_Home,50,25
cz_ilcikova,CZ_EA_Pojisteni,1,1
cz_ilcikova,CZ_Fiat_Info,50,5
cz_ilcikova,CZ_Generali_Insolvence,50,50
cz_ilcikova,CZ_ECP_Insolvence,50,50
cz_ilcikova,CZ_Medical,50,12
cz_ilcikova,CZ_Junk,1,1
cz_ilcikova,CZ_T1,1,1
cz_ilcikova,CZ_Tech2,1,1
cz_ilcikova,CZ_Medipartner,50,50
cz_jandikova,CZ_Linka_Pomoci_Ridicum,50,37
cz_jandikova,CZ_T2,50,5
cz_jandikova,CZ_Generali_Info,50,50
cz_jandikova,CZ_T4,50,5
cz_jandikova,CZ_T3,50,5
cz_jandikova,CZ_T1,50,5
cz_jandikova,CZ_Home_SK,50,50
cz_jandikova,CZ_EA_QualityCalls,1,1
cz_jandikova,CZ_Network,50,25
cz_jandikova,CZ_Czech,3,1
cz_jandikova,CZ_Slovak,1,1
cz_jandikova,CZ_Europ_Assist,50,37
cz_jandikova,CZ_Home,50,50
cz_jandikova,CZ_EA_Pojisteni,1,1
cz_jandikova,CZ_Fiat_Info,50,25
cz_jandikova,CZ_Tech,1,1
cz_jandikova,CZ_Information,50,50
cz_jandikova,CZ_Junk,1,1
cz_jerabek,CZ_Czech,1,1
cz_jerabek,CZ_Slovak,1,1
cz_jiraskova,CZ_Linka_Pomoci_Ridicum,50,50
cz_jiraskova,CZ_T2,1,1
cz_jiraskova,CZ_Concierge,50,37
cz_jiraskova,CZ_M3,50,50
cz_jiraskova,CZ_M2,50,37
cz_jiraskova,CZ_M1,50,25
cz_jiraskova,CZ_EA_QualityCalls,1,1
cz_jiraskova,CZ_Network,1,1
cz_jiraskova,CZ_Czech,3,1
cz_jiraskova,CZ_Slovak,1,1
cz_jiraskova,CZ_Europ_Assist,50,50
cz_jiraskova,CZ_T1,1,1
cz_jiraskova,CZ_T3,1,1
cz_jiraskova,CZ_Tech2,1,1
cz_jiraskova,CZ_Home,1,1
cz_jiraskova,CZ_Home_SK,1,1
cz_jiraskova,CZ_Medipartner,50,50
cz_jslavik,CZ_Linka_Pomoci_Ridicum,50,37
cz_jslavik,CZ_NCP,50,50
cz_jslavik,CZ_T2,50,25
cz_jslavik,CZ_Concierge,50,25
cz_jslavik,CZ_LPR_Internal,1,1
cz_jslavik,CZ_Tech2,50,7
cz_jslavik,CZ_Generali_Info,50,37
cz_jslavik,CZ_DKV_Assist,50,50
cz_jslavik,CZ_T4,50,50
cz_jslavik,CZ_T3,50,37
cz_jslavik,CZ_T1,50,12
cz_jslavik,CZ_M3,50,12
cz_jslavik,CZ_M1,50,12
cz_jslavik,CZ_Home_SK,50,37
cz_jslavik,CZ_EA_QualityCalls,1,1
cz_jslavik,CZ_Network,50,25
cz_jslavik,CZ_Czech,3,1
cz_jslavik,CZ_Slovak,1,1
cz_jslavik,CZ_Europ_Assist,50,37
cz_jslavik,CZ_Home,50,37
cz_jslavik,CZ_EA_Pojisteni,1,1
cz_jslavik,CZ_Cerveny_kriz,50,50
cz_jslavik,CZ_Fiat_Info,50,12
cz_jslavik,CZ_Telematika,50,50
cz_jslavik,CZ_Tech,100,1
cz_jslavik,CZ_Generali_Insolvence,1,1
cz_jslavik,CZ_ECP_Insolvence,1,1
cz_jslavik,CZ_Medical,1,1
cz_jslavik,CZ_Information,1,1
cz_jslavik,CZ_Waranty,1,1
cz_jslavik,CZ_Claims,1,1
cz_jslavik,CZ_Junk,1,1
cz_kaderabkova,CZ_EA_QualityCalls,50,50
cz_kaderabkova,CZ_Czech,3,1
cz_kafkova,CZ_Linka_Pomoci_Ridicum,50,37
cz_kafkova,CZ_T2,1,1
cz_kafkova,CZ_Concierge,50,37
cz_kafkova,CZ_M3,50,50
cz_kafkova,CZ_M2,50,37
cz_kafkova,CZ_M1,50,25
cz_kafkova,CZ_EA_QualityCalls,1,1
cz_kafkova,CZ_Network,1,1
cz_kafkova,CZ_Czech,3,1
cz_kafkova,CZ_Slovak,1,1
cz_kafkova,CZ_Europ_Assist,50,50
cz_kafkova,CZ_Generali_Insolvence,50,50
cz_kafkova,CZ_ECP_Insolvence,50,50
cz_kafkova,CZ_Medical,50,12
cz_kafkova,CZ_Junk,1,1
cz_kafkova,CZ_T1,1,1
cz_kafkova,CZ_T3,1,1
cz_kafkova,CZ_Tech2,1,1
cz_kafkova,CZ_Home,1,1
cz_kafkova,CZ_Home_SK,1,1
cz_kalinova,CZ_Czech,3,1
cz_kalinova,CZ_Slovak,1,1
cz_kalinova,CZ_Tech,1,1
cz_kalinova,CZ_Information,50,50
cz_kinska,CZ_Linka_Pomoci_Ridicum,50,37
cz_kinska,CZ_NCP,50,50
cz_kinska,CZ_T2,50,25
cz_kinska,CZ_Concierge,50,37
cz_kinska,CZ_LPR_Internal,1,1
cz_kinska,CZ_Tech2,50,7
cz_kinska,CZ_Generali_Info,50,37
cz_kinska,CZ_DKV_Assist,50,50
cz_kinska,CZ_T4,50,50
cz_kinska,CZ_T3,50,37
cz_kinska,CZ_T1,50,12
cz_kinska,CZ_M3,50,12
cz_kinska,CZ_M2,50,12
cz_kinska,CZ_M1,50,12
cz_kinska,CZ_Home_SK,50,37
cz_kinska,CZ_EA_QualityCalls,1,1
cz_kinska,CZ_Network,50,25
cz_kinska,CZ_Czech,3,1
cz_kinska,CZ_Slovak,1,1
cz_kinska,CZ_Europ_Assist,50,37
cz_kinska,CZ_Home,50,37
cz_kinska,CZ_EA_Pojisteni,1,1
cz_kinska,CZ_Cerveny_kriz,50,50
cz_kinska,CZ_Fiat_Info,50,12
cz_kinska,CZ_Telematika,50,50
cz_kinska,CZ_Generali_Insolvence,1,1
cz_kinska,CZ_Medical,1,1
cz_kinska,CZ_Information,1,1
cz_kinska,CZ_Junk,1,1
cz_klasova,CZ_Linka_Pomoci_Ridicum,50,37
cz_klasova,CZ_NCP,50,50
cz_klasova,CZ_T2,50,25
cz_klasova,CZ_Concierge,50,25
cz_klasova,CZ_Generali_Info,50,37
cz_klasova,CZ_DKV_Assist,50,50
cz_klasova,CZ_T4,50,50
cz_klasova,CZ_T3,50,37
cz_klasova,CZ_T1,50,12
cz_klasova,CZ_M3,50,12
cz_klasova,CZ_M2,50,12
cz_klasova,CZ_M1,50,12
cz_klasova,CZ_Home_SK,50,37
cz_klasova,CZ_EA_QualityCalls,1,1
cz_klasova,CZ_Network,50,25
cz_klasova,CZ_Home,50,37
cz_klasova,CZ_EA_Pojisteni,1,1
cz_klasova,CZ_Cerveny_kriz,50,50
cz_klasova,CZ_Fiat_Info,50,12
cz_klasova,CZ_Telematika,50,37
cz_klasovaa,CZ_Czech,1,1
cz_klasovaa,CZ_Slovak,1,1
cz_klimova,CZ_Linka_Pomoci_Ridicum,50,37
cz_klimova,CZ_Generali_Info,50,50
cz_klimova,CZ_Home_SK,50,50
cz_klimova,CZ_EA_QualityCalls,1,1
cz_klimova,CZ_Network,50,25
cz_klimova,CZ_Czech,3,1
cz_klimova,CZ_Slovak,1,1
cz_klimova,CZ_Europ_Assist,50,37
cz_klimova,CZ_Home,50,50
cz_klimova,CZ_EA_Pojisteni,1,1
cz_klimova,CZ_Fiat_Info,50,25
cz_klimova,CZ_Tech,1,1
cz_klimova,CZ_Information,25,75
cz_klimova,CZ_Junk,1,1
cz_klinkova,CZ_Linka_Pomoci_Ridicum,50,37
cz_klinkova,CZ_T2,50,5
cz_klinkova,CZ_Generali_Info,50,50
cz_klinkova,CZ_T4,50,5
cz_klinkova,CZ_T3,50,5
cz_klinkova,CZ_T1,50,5
cz_klinkova,CZ_Home_SK,50,50
cz_klinkova,CZ_EA_QualityCalls,1,1
cz_klinkova,CZ_Network,50,25
cz_klinkova,CZ_Czech,3,1
cz_klinkova,CZ_Slovak,1,1
cz_klinkova,CZ_Europ_Assist,50,37
cz_klinkova,CZ_Home,50,50
cz_klinkova,CZ_EA_Pojisteni,1,1
cz_klinkova,CZ_Fiat_Info,50,25
cz_klinkova,CZ_Tech,1,1
cz_klinkova,CZ_Information,50,50
cz_klinkova,CZ_Junk,1,1
cz_kmonickova,CZ_Network,50,50
cz_kmonickova,CZ_Czech,3,1
cz_kmonickova,CZ_Slovak,1,1
cz_kobzova,CZ_Linka_Pomoci_Ridicum,50,37
cz_kobzova,CZ_T2,50,7
cz_kobzova,CZ_Tech2,50,50
cz_kobzova,CZ_DKV_Assist,50,7
cz_kobzova,CZ_T4,50,7
cz_kobzova,CZ_T3,50,7
cz_kobzova,CZ_T1,50,7
cz_kobzova,CZ_CCNCP,50,50
cz_kobzova,CZ_Czech,3,1
cz_kobzova,CZ_Slovak,1,1
cz_kobzova,CZ_Network,50,25
cz_kolarova,CZ_Linka_Pomoci_Ridicum,50,50
cz_kolarova,CZ_Concierge,50,50
cz_kolarova,CZ_Czech,3,1
cz_kolarova,CZ_Slovak,1,1
cz_kolarova,CZ_Medical,50,50
cz_kolarova,CZ_Junk,1,1
cz_kolesa,CZ_Linka_Pomoci_Ridicum,50,37
cz_kolesa,CZ_NCP,50,50
cz_kolesa,CZ_T2,50,7
cz_kolesa,CZ_Tech2,50,50
cz_kolesa,CZ_DKV_Assist,50,7
cz_kolesa,CZ_T4,50,7
cz_kolesa,CZ_T3,50,7
cz_kolesa,CZ_T1,50,7
cz_kolesa,CZ_CCNCP,50,50
cz_kolesa,CZ_Network,50,25
cz_kolesa,CZ_Czech,3,1
cz_kolesa,CZ_Slovak,1,1
cz_konig,CZ_Linka_Pomoci_Ridicum,50,50
cz_konig,CZ_T2,50,1
cz_konig,CZ_Concierge,50,37
cz_konig,CZ_Generali_Info,50,25
cz_konig,CZ_DKV_Assist,50,25
cz_konig,CZ_T4,50,1
cz_konig,CZ_T3,50,1
cz_konig,CZ_M3,50,50
cz_konig,CZ_M2,50,37
cz_konig,CZ_M1,50,25
cz_konig,CZ_Home_SK,50,25
cz_konig,CZ_EA_QualityCalls,1,1
cz_konig,CZ_Network,1,1
cz_konig,CZ_Czech,3,1
cz_konig,CZ_Slovak,1,1
cz_konig,CZ_Europ_Assist,50,50
cz_konig,CZ_Home,50,25
cz_konig,CZ_EA_Pojisteni,1,1
cz_konig,CZ_Fiat_Info,50,5
cz_konig,CZ_Generali_Insolvence,50,50
cz_konig,CZ_ECP_Insolvence,50,50
cz_konig,CZ_Medical,50,12
cz_konig,CZ_Junk,1,1
cz_konig,CZ_Tech2,1,1
cz_konig,CZ_Medipartner,50,50
cz_konradova,CZ_Linka_Pomoci_Ridicum,50,37
cz_konradova,CZ_NCP,50,50
cz_konradova,CZ_T2,50,25
cz_konradova,CZ_LPR_Internal,1,1
cz_konradova,CZ_Tech2,50,7
cz_konradova,CZ_Generali_Info,50,37
cz_konradova,CZ_T4,50,50
cz_konradova,CZ_T3,50,37
cz_konradova,CZ_T1,50,12
cz_konradova,CZ_Home_SK,50,37
cz_konradova,CZ_EA_QualityCalls,1,1
cz_konradova,CZ_Network,50,25
cz_konradova,CZ_Czech,1,1
cz_konradova,CZ_Slovak,3,1
cz_konradova,CZ_Europ_Assist,50,37
cz_konradova,CZ_Home,50,37
cz_konradova,CZ_EA_Pojisteni,1,1
cz_konradova,CZ_Cerveny_kriz,50,50
cz_konradova,CZ_Fiat_Info,50,12
cz_konradova,CZ_Telematika,50,50
cz_konradova,CZ_Tech,75,25
cz_konradova,CZ_Information,1,1
cz_konradova,CZ_Waranty,1,1
cz_konradova,CZ_Junk,1,1
cz_konradova,CZ_DKV_Assist,50,50
cz_kopecka,CZ_Linka_Pomoci_Ridicum,50,37
cz_kopecka,CZ_NCP,50,50
cz_kopecka,CZ_T2,50,7
cz_kopecka,CZ_Tech2,50,50
cz_kopecka,CZ_DKV_Assist,50,7
cz_kopecka,CZ_T4,50,7
cz_kopecka,CZ_T3,50,7
cz_kopecka,CZ_T1,50,7
cz_kopecka,CZ_CCNCP,50,50
cz_kopecka,CZ_Network,50,25
cz_kopecka,CZ_Czech,3,1
cz_kopecka,CZ_Slovak,1,1
cz_korduliakova,CZ_Tech2,50,50
cz_korduliakova,CZ_Czech,3,1
cz_korduliakova,CZ_Slovak,1,1
cz_kozak,CZ_Linka_Pomoci_Ridicum,50,37
cz_kozak,CZ_T2,50,5
cz_kozak,CZ_Concierge,50,25
cz_kozak,CZ_Generali_Info,50,50
cz_kozak,CZ_T4,50,5
cz_kozak,CZ_T3,50,5
cz_kozak,CZ_T1,50,5
cz_kozak,CZ_M3,50,12
cz_kozak,CZ_M2,50,12
cz_kozak,CZ_M1,50,12
cz_kozak,CZ_Home_SK,50,50
cz_kozak,CZ_EA_QualityCalls,1,1
cz_kozak,CZ_Network,50,25
cz_kozak,CZ_Czech,3,1
cz_kozak,CZ_Slovak,1,1
cz_kozak,CZ_Europ_Assist,50,37
cz_kozak,CZ_Home,50,50
cz_kozak,CZ_EA_Pojisteni,1,1
cz_kozak,CZ_Cerveny_kriz,50,50
cz_kozak,CZ_Telematika,50,37
cz_kozak,CZ_Tech,1,1
cz_kozak,CZ_Information,50,50
cz_kozak,CZ_Junk,1,1
cz_kral,CZ_Linka_Pomoci_Ridicum,50,50
cz_kral,CZ_T2,50,1
cz_kral,CZ_Concierge,50,37
cz_kral,CZ_M3,50,50
cz_kral,CZ_M2,50,37
cz_kral,CZ_M1,50,25
cz_kral,CZ_EA_QualityCalls,1,1
cz_kral,CZ_Network,1,1
cz_kral,CZ_Czech,3,1
cz_kral,CZ_Slovak,1,1
cz_kral,CZ_Europ_Assist,50,50
cz_kral,CZ_Junk,1,1
cz_kral,CZ_T1,50,1
cz_kral,CZ_T3,50,1
cz_kral,CZ_Tech2,1,1
cz_kral,CZ_Medipartner,50,50
cz_kralova,CZ_Czech,1,1
cz_kralova,CZ_Slovak,1,1
cz_krizek,CZ_Linka_Pomoci_Ridicum,50,50
cz_krizek,CZ_T2,50,25
cz_krizek,CZ_Concierge,50,25
cz_krizek,CZ_LPR_Internal,1,1
cz_krizek,CZ_Generali_Info,50,37
cz_krizek,CZ_DKV_Assist,50,50
cz_krizek,CZ_T4,50,50
cz_krizek,CZ_T3,50,37
cz_krizek,CZ_T1,50,12
cz_krizek,CZ_M3,50,12
cz_krizek,CZ_M2,50,12
cz_krizek,CZ_M1,50,12
cz_krizek,CZ_Home_SK,50,37
cz_krizek,CZ_EA_QualityCalls,1,1
cz_krizek,CZ_Network,50,25
cz_krizek,CZ_Czech,3,1
cz_krizek,CZ_Slovak,1,1
cz_krizek,CZ_Europ_Assist,50,37
cz_krizek,CZ_Home,50,37
cz_krizek,CZ_EA_Pojisteni,1,1
cz_krizek,CZ_Cerveny_kriz,50,50
cz_krizek,CZ_Fiat_Info,50,12
cz_krizek,CZ_Telematika,50,50
cz_krizek,CZ_Tech,100,1
cz_krizek,CZ_Generali_Insolvence,1,1
cz_krizek,CZ_ECP_Insolvence,1,1
cz_krizek,CZ_Medical,1,1
cz_krizek,CZ_Information,1,1
cz_krizek,CZ_Waranty,1,1
cz_krizek,CZ_Claims,1,1
cz_krizek,CZ_Junk,1,1
cz_kucerovaz,CZ_Linka_Pomoci_Ridicum,50,37
cz_kucerovaz,CZ_T2,50,5
cz_kucerovaz,CZ_Generali_Info,50,50
cz_kucerovaz,CZ_T4,50,5
cz_kucerovaz,CZ_T3,50,5
cz_kucerovaz,CZ_T1,50,5
cz_kucerovaz,CZ_Home_SK,50,50
cz_kucerovaz,CZ_EA_QualityCalls,1,1
cz_kucerovaz,CZ_Network,50,25
cz_kucerovaz,CZ_Czech,3,1
cz_kucerovaz,CZ_Slovak,1,1
cz_kucerovaz,CZ_Europ_Assist,50,37
cz_kucerovaz,CZ_Home,50,50
cz_kucerovaz,CZ_EA_Pojisteni,1,1
cz_kucerovaz,CZ_Fiat_Info,50,25
cz_kucerovaz,CZ_Tech,1,1
cz_kucerovaz,CZ_Information,50,50
cz_kucerovaz,CZ_Junk,1,1
cz_kumpost,CZ_Linka_Pomoci_Ridicum,50,37
cz_kumpost,CZ_NCP,50,50
cz_kumpost,CZ_T2,50,25
cz_kumpost,CZ_Concierge,50,25
cz_kumpost,CZ_LPR_Internal,1,1
cz_kumpost,CZ_Tech2,50,7
cz_kumpost,CZ_Generali_Info,50,37
cz_kumpost,CZ_DKV_Assist,50,50
cz_kumpost,CZ_T4,50,50
cz_kumpost,CZ_T3,50,37
cz_kumpost,CZ_T1,50,12
cz_kumpost,CZ_M3,50,12
cz_kumpost,CZ_M2,50,12
cz_kumpost,CZ_M1,50,12
cz_kumpost,CZ_Home_SK,50,37
cz_kumpost,CZ_EA_QualityCalls,1,1
cz_kumpost,CZ_Network,50,25
cz_kumpost,CZ_Czech,3,1
cz_kumpost,CZ_Slovak,1,1
cz_kumpost,CZ_Europ_Assist,50,37
cz_kumpost,CZ_Home,50,37
cz_kumpost,CZ_EA_Pojisteni,1,1
cz_kumpost,CZ_Cerveny_kriz,50,50
cz_kumpost,CZ_Fiat_Info,50,12
cz_kumpost,CZ_Telematika,50,50
cz_kumpost,CZ_Tech,100,1
cz_kumpost,CZ_Generali_Insolvence,1,1
cz_kumpost,CZ_ECP_Insolvence,1,1
cz_kumpost,CZ_Medical,1,1
cz_kumpost,CZ_Information,1,1
cz_kumpost,CZ_Waranty,1,1
cz_kumpost,CZ_Claims,1,1
cz_kumpost,CZ_Junk,1,1
cz_kurylova,CZ_Linka_Pomoci_Ridicum,50,37
cz_kurylova,CZ_T2,50,25
cz_kurylova,CZ_Tech2,50,7
cz_kurylova,CZ_Generali_Info,50,37
cz_kurylova,CZ_T1,50,12
cz_kurylova,CZ_Home_SK,50,37
cz_kurylova,CZ_EA_QualityCalls,1,1
cz_kurylova,CZ_Network,50,25
cz_kurylova,CZ_Czech,3,1
cz_kurylova,CZ_Slovak,1,1
cz_kurylova,CZ_Europ_Assist,50,37
cz_kurylova,CZ_Home,50,37
cz_kurylova,CZ_EA_Pojisteni,1,1
cz_kurylova,CZ_Cerveny_kriz,50,50
cz_kurylova,CZ_Tech,100,1
cz_kurylova,CZ_Junk,1,1
cz_lacek,CZ_Czech,1,1
cz_lacek,CZ_Slovak,1,1
cz_lesak,CZ_Linka_Pomoci_Ridicum,50,50
cz_lesak,CZ_Concierge,50,50
cz_lesak,CZ_Home_SK,50,25
cz_lesak,CZ_Czech,3,1
cz_lesak,CZ_Slovak,1,1
cz_lesak,CZ_Home,50,25
cz_lesak,CZ_Medical,50,50
cz_lesak,CZ_Information,1,1
cz_lesak,CZ_Junk,1,1
cz_libovicka,CZ_Linka_Pomoci_Ridicum,50,37
cz_libovicka,CZ_NCP,50,50
cz_libovicka,CZ_T2,50,25
cz_libovicka,CZ_LPR_Internal,1,1
cz_libovicka,CZ_Tech2,50,7
cz_libovicka,CZ_Generali_Info,50,37
cz_libovicka,CZ_DKV_Assist,50,50
cz_libovicka,CZ_T4,50,50
cz_libovicka,CZ_T3,50,37
cz_libovicka,CZ_T1,50,12
cz_libovicka,CZ_Home_SK,50,37
cz_libovicka,CZ_EA_QualityCalls,1,1
cz_libovicka,CZ_Network,50,25
cz_libovicka,CZ_Czech,3,1
cz_libovicka,CZ_Slovak,1,1
cz_libovicka,CZ_Europ_Assist,50,37
cz_libovicka,CZ_Home,50,37
cz_libovicka,CZ_EA_Pojisteni,1,1
cz_libovicka,CZ_Cerveny_kriz,50,50
cz_libovicka,CZ_Fiat_Info,50,12
cz_libovicka,CZ_Telematika,50,50
cz_libovicka,CZ_Tech,75,25
cz_libovicka,CZ_Information,1,1
cz_libovicka,CZ_Waranty,1,1
cz_libovicka,CZ_Junk,1,1
cz_luksova,CZ_Czech,3,1
cz_luksova,CZ_Slovak,1,1
cz_luksova,CZ_Claims,25,75
cz_machovsky,CZ_Czech,3,1
cz_machovsky,CZ_Slovak,1,1
cz_machovsky,CZ_Tech,100,75
cz_machovsky,CZ_Junk,1,1
cz_madacka,CZ_Network,50,50
cz_madacka,CZ_Czech,3,1
cz_madacka,CZ_Slovak,1,1
cz_madrova,CZ_Linka_Pomoci_Ridicum,50,37
cz_madrova,CZ_NCP,50,50
cz_madrova,CZ_T2,50,25
cz_madrova,CZ_Concierge,50,25
cz_madrova,CZ_Generali_Info,50,37
cz_madrova,CZ_DKV_Assist,50,50
cz_madrova,CZ_T4,50,50
cz_madrova,CZ_T3,50,37
cz_madrova,CZ_T1,50,12
cz_madrova,CZ_M3,50,12
cz_madrova,CZ_M2,50,12
cz_madrova,CZ_M1,50,12
cz_madrova,CZ_Home_SK,50,37
cz_madrova,CZ_EA_QualityCalls,1,1
cz_madrova,CZ_Network,50,25
cz_madrova,CZ_Czech,3,1
cz_madrova,CZ_Slovak,1,1
cz_madrova,CZ_Home,50,37
cz_madrova,CZ_EA_Pojisteni,1,1
cz_madrova,CZ_Cerveny_kriz,50,50
cz_madrova,CZ_Fiat_Info,50,12
cz_madrova,CZ_Telematika,50,37
cz_madrova,CZ_Tech,100,1
cz_madrova,CZ_Medical,1,1
cz_madrova,CZ_Information,1,1
cz_madrova,CZ_Waranty,1,1
cz_madrova,CZ_Claims,1,1
cz_madrova,CZ_Junk,1,1
cz_maier,CZ_T2,50,50
cz_maier,CZ_Czech,1,1
cz_maier,CZ_Slovak,1,1
cz_malcova,CZ_Linka_Pomoci_Ridicum,50,50
cz_malcova,CZ_Concierge,50,37
cz_malcova,CZ_M3,50,50
cz_malcova,CZ_M2,50,37
cz_malcova,CZ_M1,50,25
cz_malcova,CZ_EA_QualityCalls,1,1
cz_malcova,CZ_Network,1,1
cz_malcova,CZ_Czech,3,1
cz_malcova,CZ_Slovak,1,1
cz_malcova,CZ_Europ_Assist,50,50
cz_malcova,CZ_Tech,1,1
cz_malcova,CZ_Generali_Insolvence,50,50
cz_malcova,CZ_ECP_Insolvence,50,50
cz_malcova,CZ_Medical,50,12
cz_malcova,CZ_Information,1,1
cz_malcova,CZ_Waranty,1,1
cz_malcova,CZ_Junk,1,1
cz_manakova,CZ_Czech,1,1
cz_manakova,CZ_Slovak,1,1
cz_masluk,CZ_Czech,1,1
cz_masluk,CZ_Slovak,1,1
cz_maun,CZ_Linka_Pomoci_Ridicum,50,37
cz_maun,CZ_NCP,50,50
cz_maun,CZ_T2,50,7
cz_maun,CZ_Tech2,50,50
cz_maun,CZ_DKV_Assist,50,7
cz_maun,CZ_T4,50,7
cz_maun,CZ_T3,50,7
cz_maun,CZ_T1,50,7
cz_maun,CZ_CCNCP,50,50
cz_maun,CZ_Network,50,25
cz_maun,CZ_Czech,3,1
cz_maun,CZ_Slovak,1,1
cz_mavromatidis,CZ_Linka_Pomoci_Ridicum,50,37
cz_mavromatidis,CZ_T2,50,5
cz_mavromatidis,CZ_Generali_Info,50,50
cz_mavromatidis,CZ_T4,50,5
cz_mavromatidis,CZ_T3,50,5
cz_mavromatidis,CZ_T1,50,5
cz_mavromatidis,CZ_Home_SK,50,50
cz_mavromatidis,CZ_EA_QualityCalls,1,1
cz_mavromatidis,CZ_Network,50,25
cz_mavromatidis,CZ_Czech,3,1
cz_mavromatidis,CZ_Slovak,1,1
cz_mavromatidis,CZ_Europ_Assist,50,37
cz_mavromatidis,CZ_Home,50,50
cz_mavromatidis,CZ_EA_Pojisteni,1,1
cz_mavromatidis,CZ_Fiat_Info,50,37
cz_mavromatidis,CZ_Tech,1,1
cz_mavromatidis,CZ_Information,50,50
cz_mavromatidis,CZ_Junk,1,1
cz_mcihak,CZ_Linka_Pomoci_Ridicum,50,37
cz_mcihak,CZ_NCP,50,50
cz_mcihak,CZ_T2,50,25
cz_mcihak,CZ_Concierge,50,25
cz_mcihak,CZ_LPR_Internal,1,1
cz_mcihak,CZ_Tech2,50,7
cz_mcihak,CZ_Generali_Info,50,37
cz_mcihak,CZ_T4,50,50
cz_mcihak,CZ_T3,50,37
cz_mcihak,CZ_T1,50,12
cz_mcihak,CZ_M3,50,12
cz_mcihak,CZ_M2,50,12
cz_mcihak,CZ_M1,50,12
cz_mcihak,CZ_Home_SK,50,37
cz_mcihak,CZ_EA_QualityCalls,1,1
cz_mcihak,CZ_Network,50,25
cz_mcihak,CZ_Czech,3,1
cz_mcihak,CZ_Slovak,1,1
cz_mcihak,CZ_Europ_Assist,50,37
cz_mcihak,CZ_Home,50,37
cz_mcihak,CZ_EA_Pojisteni,1,1
cz_mcihak,CZ_Cerveny_kriz,50,50
cz_mcihak,CZ_Fiat_Info,50,12
cz_mcihak,CZ_Telematika,50,50
cz_mcihak,CZ_Tech,100,1
cz_mcihak,CZ_Generali_Insolvence,1,1
cz_mcihak,CZ_ECP_Insolvence,1,1
cz_mcihak,CZ_Medical,1,1
cz_mcihak,CZ_Information,1,1
cz_mcihak,CZ_Waranty,1,1
cz_mcihak,CZ_Claims,1,1
cz_mcihak,CZ_Junk,1,1
cz_mcihak,CZ_DKV_Assist,50,50
cz_medo,CZ_Linka_Pomoci_Ridicum,50,50
cz_medo,CZ_T2,50,1
cz_medo,CZ_Concierge,50,37
cz_medo,CZ_Generali_Info,50,25
cz_medo,CZ_DKV_Assist,50,25
cz_medo,CZ_T3,50,1
cz_medo,CZ_M3,50,50
cz_medo,CZ_M2,50,37
cz_medo,CZ_M1,50,25
cz_medo,CZ_Home_SK,50,25
cz_medo,CZ_EA_QualityCalls,1,1
cz_medo,CZ_Network,1,1
cz_medo,CZ_Czech,1,1
cz_medo,CZ_Slovak,3,1
cz_medo,CZ_Europ_Assist,50,50
cz_medo,CZ_Home,50,25
cz_medo,CZ_EA_Pojisteni,1,1
cz_medo,CZ_Fiat_Info,50,5
cz_medo,CZ_Generali_Insolvence,50,50
cz_medo,CZ_ECP_Insolvence,50,50
cz_medo,CZ_Medical,50,12
cz_medo,CZ_Junk,1,1
cz_medo,CZ_T1,1,1
cz_medo,CZ_Tech2,1,1
cz_medo,CZ_T4,1,1
cz_medo,CZ_Medipartner,50,50
cz_mikova,CZ_Czech,1,1
cz_mikova,CZ_Slovak,1,1
cz_moniukova,CZ_Linka_Pomoci_Ridicum,50,37
cz_moniukova,CZ_NCP,50,50
cz_moniukova,CZ_T2,50,7
cz_moniukova,CZ_Concierge,50,25
cz_moniukova,CZ_LPR_Internal,1,1
cz_moniukova,CZ_Tech2,50,50
cz_moniukova,CZ_Generali_Info,50,37
cz_moniukova,CZ_T4,50,7
cz_moniukova,CZ_T3,50,7
cz_moniukova,CZ_T1,50,7
cz_moniukova,CZ_M3,50,12
cz_moniukova,CZ_M2,50,12
cz_moniukova,CZ_M1,50,12
cz_moniukova,CZ_Home_SK,50,37
cz_moniukova,CZ_EA_QualityCalls,1,1
cz_moniukova,CZ_Network,50,25
cz_moniukova,CZ_Czech,3,1
cz_moniukova,CZ_Slovak,1,1
cz_moniukova,CZ_Europ_Assist,50,37
cz_moniukova,CZ_Home,50,37
cz_moniukova,CZ_EA_Pojisteni,1,1
cz_moniukova,CZ_Cerveny_kriz,50,50
cz_moniukova,CZ_Fiat_Info,50,12
cz_moniukova,CZ_Telematika,50,7
cz_moniukova,CZ_Tech,100,1
cz_moniukova,CZ_Generali_Insolvence,1,1
cz_moniukova,CZ_ECP_Insolvence,1,1
cz_moniukova,CZ_Medical,1,1
cz_moniukova,CZ_Information,1,1
cz_moniukova,CZ_Waranty,1,1
cz_moniukova,CZ_Claims,1,1
cz_moniukova,CZ_Junk,1,1
cz_moniukova,CZ_DKV_Assist,50,7
cz_moniukovah,CZ_Linka_Pomoci_Ridicum,50,37
cz_moniukovah,CZ_NCP,50,50
cz_moniukovah,CZ_Tech2,50,50
cz_moniukovah,CZ_CCNCP,50,50
cz_moniukovah,CZ_Network,50,25
cz_moniukovah,CZ_Czech,3,1
cz_moniukovah,CZ_Slovak,1,1
cz_moser,CZ_NCP,50,50
cz_moser,CZ_Czech,3,1
cz_moser,CZ_Tech,100,1
cz_motycakova,CZ_Linka_Pomoci_Ridicum,50,50
cz_motycakova,CZ_T2,1,1
cz_motycakova,CZ_Concierge,50,37
cz_motycakova,CZ_M3,50,50
cz_motycakova,CZ_M2,50,37
cz_motycakova,CZ_M1,50,25
cz_motycakova,CZ_EA_QualityCalls,1,1
cz_motycakova,CZ_Network,1,1
cz_motycakova,CZ_Czech,3,1
cz_motycakova,CZ_Slovak,1,1
cz_motycakova,CZ_Europ_Assist,50,50
cz_motycakova,CZ_T1,1,1
cz_motycakova,CZ_T3,1,1
cz_motycakova,CZ_Tech2,1,1
cz_motycakova,CZ_Home,1,1
cz_motycakova,CZ_Medipartner,50,50
cz_myslivcova,CZ_Czech,1,1
cz_myslivcova,CZ_Slovak,3,1
cz_myslivcova,CZ_Claims,25,75
cz_navratilova,CZ_T2,50,50
cz_navratilova,CZ_Czech,1,1
cz_navratilova,CZ_Slovak,1,1
cz_nemcovav,CZ_Home,50,50
cz_nemcovav,CZ_Czech,3,1
cz_nemcovav,CZ_Junk,1,1
cz_nemcovav,CZ_Home_SK,50,50
cz_nemcovav,CZ_Slovak,1,1
cz_nemcovav,CZ_Information,50,50
cz_nemcovav,CZ_Generali_Info,1,1
cz_netikova,CZ_Linka_Pomoci_Ridicum,100,50
cz_netikova,CZ_Czech,3,1
cz_netikova,CZ_Slovak,1,1
cz_netikova,CZ_Medipartner,50,50
cz_neufuss,CZ_T2,50,50
cz_neufuss,CZ_Czech,1,1
cz_neufuss,CZ_Slovak,1,1
cz_novak,CZ_Linka_Pomoci_Ridicum,50,37
cz_novak,CZ_NCP,50,50
cz_novak,CZ_T2,50,37
cz_novak,CZ_T1,50,50
cz_novak,CZ_Czech,3,1
cz_novak,CZ_Slovak,1,1
cz_novak,CZ_T3,50,1
cz_novak,CZ_Tech2,1,1
cz_novak,CZ_CCNCP,1,1
cz_novotna,CZ_Czech,1,1
cz_novotna,CZ_Slovak,1,1
cz_novotny,CZ_M1,50,50
cz_novotny,CZ_Czech,3,1
cz_novotny,CZ_Slovak,1,1
cz_olexova,CZ_Linka_Pomoci_Ridicum,50,50
cz_olexova,CZ_T2,1,1
cz_olexova,CZ_M1,50,50
cz_olexova,CZ_Czech,3,1
cz_olexova,CZ_Slovak,1,1
cz_olexova,CZ_Europ_Assist,1,1
cz_olexova,CZ_T1,1,1
cz_olexova,CZ_T3,1,1
cz_olexova,CZ_Tech2,1,1
cz_olexova,CZ_Home,1,1
cz_olexova,CZ_Home_SK,1,1
cz_ovcacikova,CZ_Generali_Info,50,50
cz_ovcacikova,CZ_Czech,3,1
cz_ovcacikova,CZ_Slovak,1,1
cz_ovcacikova,CZ_Tech,1,1
cz_ovcacikova,CZ_Information,50,50
cz_ovcacikova,CZ_Junk,1,1
cz_peliskova,CZ_Linka_Pomoci_Ridicum,50,50
cz_peliskova,CZ_M2,50,50
cz_peliskova,CZ_M1,50,37
cz_peliskova,CZ_Czech,3,1
cz_peliskova,CZ_Slovak,1,1
cz_peliskova,CZ_Europ_Assist,50,50
cz_plskova,CZ_Linka_Pomoci_Ridicum,50,37
cz_plskova,CZ_Home_SK,50,40
cz_plskova,CZ_Czech,3,1
cz_plskova,CZ_Slovak,1,1
cz_plskova,CZ_EA_Pojisteni,1,1
cz_plskova,CZ_Fiat_Info,50,50
cz_plskova,CZ_Information,52,50
cz_plskova,CZ_Home,50,40
cz_prochazka,CZ_Tech2,1,1
cz_prochazka,CZ_Czech,1,1
cz_prochazka,CZ_Slovak,1,1
cz_prochazka,CZ_Medical,40,80
cz_puschova,CZ_Linka_Pomoci_Ridicum,50,37
cz_puschova,CZ_T2,50,25
cz_puschova,CZ_Concierge,50,25
cz_puschova,CZ_LPR_Internal,1,1
cz_puschova,CZ_Generali_Info,50,37
cz_puschova,CZ_DKV_Assist,50,50
cz_puschova,CZ_T4,50,50
cz_puschova,CZ_T3,50,37
cz_puschova,CZ_T1,50,12
cz_puschova,CZ_M3,50,12
cz_puschova,CZ_M2,50,12
cz_puschova,CZ_M1,50,12
cz_puschova,CZ_Home_SK,50,37
cz_puschova,CZ_EA_QualityCalls,1,1
cz_puschova,CZ_Network,50,25
cz_puschova,CZ_Czech,3,1
cz_puschova,CZ_Slovak,1,1
cz_puschova,CZ_Europ_Assist,50,37
cz_puschova,CZ_Home,50,37
cz_puschova,CZ_EA_Pojisteni,1,1
cz_puschova,CZ_Cerveny_kriz,50,50
cz_puschova,CZ_Fiat_Info,50,12
cz_puschova,CZ_Telematika,50,50
cz_puschova,CZ_Tech,100,1
cz_puschova,CZ_Generali_Insolvence,1,1
cz_puschova,CZ_Medical,1,1
cz_puschova,CZ_Information,1,1
cz_puschova,CZ_Waranty,1,1
cz_puschova,CZ_Claims,1,1
cz_puschova,CZ_Junk,1,1
cz_rakousova,CZ_Linka_Pomoci_Ridicum,50,37
cz_rakousova,CZ_NCP,50,50
cz_rakousova,CZ_T2,50,25
cz_rakousova,CZ_LPR_Internal,1,1
cz_rakousova,CZ_Tech2,50,7
cz_rakousova,CZ_Generali_Info,50,37
cz_rakousova,CZ_DKV_Assist,50,50
cz_rakousova,CZ_T4,50,50
cz_rakousova,CZ_T3,50,37
cz_rakousova,CZ_T1,50,12
cz_rakousova,CZ_Home_SK,50,37
cz_rakousova,CZ_EA_QualityCalls,1,1
cz_rakousova,CZ_Network,50,25
cz_rakousova,CZ_Czech,3,1
cz_rakousova,CZ_Slovak,1,1
cz_rakousova,CZ_Europ_Assist,50,37
cz_rakousova,CZ_Home,50,37
cz_rakousova,CZ_EA_Pojisteni,1,1
cz_rakousova,CZ_Cerveny_kriz,50,50
cz_rakousova,CZ_Fiat_Info,50,12
cz_rakousova,CZ_Telematika,50,50
cz_rakousova,CZ_Tech,100,1
cz_rakousova,CZ_Information,1,1
cz_rakousova,CZ_Waranty,1,1
cz_rakousova,CZ_Junk,1,1
cz_rakytad,CZ_Linka_Pomoci_Ridicum,50,37
cz_rakytad,CZ_NCP,50,50
cz_rakytad,CZ_T2,50,7
cz_rakytad,CZ_Tech2,50,50
cz_rakytad,CZ_DKV_Assist,50,7
cz_rakytad,CZ_T4,50,7
cz_rakytad,CZ_T3,50,7
cz_rakytad,CZ_T1,50,7
cz_rakytad,CZ_CCNCP,50,50
cz_rakytad,CZ_Network,50,25
cz_rakytad,CZ_Czech,3,1
cz_rakytad,CZ_Slovak,1,1
cz_raskova,CZ_Linka_Pomoci_Ridicum,50,37
cz_raskova,CZ_NCP,50,50
cz_raskova,CZ_T2,50,1
cz_raskova,CZ_Concierge,50,37
cz_raskova,CZ_Generali_Info,50,25
cz_raskova,CZ_DKV_Assist,50,25
cz_raskova,CZ_T4,50,1
cz_raskova,CZ_T3,50,1
cz_raskova,CZ_T1,50,1
cz_raskova,CZ_M3,50,50
cz_raskova,CZ_M2,50,37
cz_raskova,CZ_M1,50,25
cz_raskova,CZ_Home_SK,50,25
cz_raskova,CZ_EA_QualityCalls,1,1
cz_raskova,CZ_Network,1,1
cz_raskova,CZ_Czech,3,1
cz_raskova,CZ_Slovak,1,1
cz_raskova,CZ_Europ_Assist,50,50
cz_raskova,CZ_Home,50,25
cz_raskova,CZ_EA_Pojisteni,1,1
cz_raskova,CZ_Fiat_Info,50,5
cz_raskova,CZ_Generali_Insolvence,50,50
cz_raskova,CZ_ECP_Insolvence,50,50
cz_raskova,CZ_Medical,50,12
cz_raskova,CZ_Junk,1,1
cz_raskova,CZ_Tech2,1,1
cz_raskova,CZ_Medipartner,50,50
cz_rohlicek,CZ_Linka_Pomoci_Ridicum,50,37
cz_rohlicek,CZ_NCP,50,50
cz_rohlicek,CZ_T2,50,25
cz_rohlicek,CZ_Concierge,50,25
cz_rohlicek,CZ_LPR_Internal,1,1
cz_rohlicek,CZ_Tech2,50,7
cz_rohlicek,CZ_Generali_Info,50,37
cz_rohlicek,CZ_DKV_Assist,50,50
cz_rohlicek,CZ_T4,50,50
cz_rohlicek,CZ_T3,50,37
cz_rohlicek,CZ_T1,50,12
cz_rohlicek,CZ_M3,50,12
cz_rohlicek,CZ_M2,50,12
cz_rohlicek,CZ_M1,50,12
cz_rohlicek,CZ_Home_SK,50,37
cz_rohlicek,CZ_EA_QualityCalls,1,1
cz_rohlicek,CZ_Network,50,25
cz_rohlicek,CZ_Czech,3,1
cz_rohlicek,CZ_Slovak,1,1
cz_rohlicek,CZ_Europ_Assist,50,37
cz_rohlicek,CZ_Home,50,37
cz_rohlicek,CZ_EA_Pojisteni,1,1
cz_rohlicek,CZ_Cerveny_kriz,50,50
cz_rohlicek,CZ_Fiat_Info,50,12
cz_rohlicek,CZ_Telematika,50,50
cz_rohlicek,CZ_Tech,100,1
cz_rohlicek,CZ_Generali_Insolvence,1,1
cz_rohlicek,CZ_Medical,1,1
cz_rohlicek,CZ_Information,1,1
cz_rohlicek,CZ_Waranty,1,1
cz_rohlicek,CZ_Claims,1,1
cz_rohlicek,CZ_Junk,1,1
cz_rsimkova,CZ_Network,50,37
cz_rsimkova,CZ_Czech,3,1
cz_rsimkova,CZ_Slovak,1,1
cz_ruzicka,CZ_Linka_Pomoci_Ridicum,50,50
cz_ruzicka,CZ_Tech2,50,50
cz_ruzicka,CZ_Network,50,25
cz_ruzicka,CZ_Czech,3,1
cz_ruzicka,CZ_Slovak,1,1
cz_saroun,CZ_Linka_Pomoci_Ridicum,50,37
cz_saroun,CZ_T2,50,25
cz_saroun,CZ_LPR_Internal,1,1
cz_saroun,CZ_Tech2,50,7
cz_saroun,CZ_Generali_Info,50,37
cz_saroun,CZ_DKV_Assist,50,50
cz_saroun,CZ_T4,50,50
cz_saroun,CZ_T3,50,37
cz_saroun,CZ_T1,50,12
cz_saroun,CZ_Home_SK,50,37
cz_saroun,CZ_EA_QualityCalls,1,1
cz_saroun,CZ_Network,50,25
cz_saroun,CZ_Czech,3,1
cz_saroun,CZ_Slovak,1,1
cz_saroun,CZ_Europ_Assist,50,37
cz_saroun,CZ_Home,50,37
cz_saroun,CZ_EA_Pojisteni,1,1
cz_saroun,CZ_Cerveny_kriz,50,50
cz_saroun,CZ_Fiat_Info,50,12
cz_saroun,CZ_Telematika,50,50
cz_saroun,CZ_Information,1,1
cz_saroun,CZ_Waranty,1,1
cz_schlibener,CZ_Network,50,50
cz_schlibener,CZ_Czech,3,1
cz_schlibener,CZ_Slovak,1,1
cz_sedlackova,CZ_Linka_Pomoci_Ridicum,50,37
cz_sedlackova,CZ_NCP,50,50
cz_sedlackova,CZ_T2,50,7
cz_sedlackova,CZ_Tech2,50,50
cz_sedlackova,CZ_DKV_Assist,50,7
cz_sedlackova,CZ_T4,50,7
cz_sedlackova,CZ_T3,50,7
cz_sedlackova,CZ_T1,50,7
cz_sedlackova,CZ_CCNCP,50,50
cz_sedlackova,CZ_Network,50,25
cz_sedlackova,CZ_Czech,3,1
cz_sedlackova,CZ_Slovak,1,1
cz_sefcovicova,CZ_Linka_Pomoci_Ridicum,50,37
cz_sefcovicova,CZ_T2,50,5
cz_sefcovicova,CZ_Generali_Info,50,50
cz_sefcovicova,CZ_T4,50,5
cz_sefcovicova,CZ_T3,50,5
cz_sefcovicova,CZ_T1,50,5
cz_sefcovicova,CZ_Home_SK,50,50
cz_sefcovicova,CZ_EA_QualityCalls,1,1
cz_sefcovicova,CZ_Network,50,25
cz_sefcovicova,CZ_Czech,3,1
cz_sefcovicova,CZ_Slovak,1,1
cz_sefcovicova,CZ_Europ_Assist,50,37
cz_sefcovicova,CZ_Home,50,50
cz_sefcovicova,CZ_EA_Pojisteni,1,1
cz_sefcovicova,CZ_Fiat_Info,50,37
cz_sefcovicova,CZ_Tech,1,1
cz_sefcovicova,CZ_Information,50,50
cz_sefcovicova,CZ_Junk,1,1
cz_sikolova,CZ_Linka_Pomoci_Ridicum,50,37
cz_sikolova,CZ_NCP,50,50
cz_sikolova,CZ_Tech2,50,50
cz_sikolova,CZ_CCNCP,50,50
cz_sikolova,CZ_Network,50,25
cz_sikolova,CZ_Czech,3,1
cz_sikolova,CZ_Slovak,1,1
cz_simkova,CZ_Home,1,1
cz_simkova,CZ_Home_SK,1,1
cz_simkova,CZ_Slovak,1,1
cz_simkova,CZ_Czech,3,1
cz_slavetinska,CZ_Linka_Pomoci_Ridicum,50,50
cz_slavetinska,CZ_T2,50,1
cz_slavetinska,CZ_Concierge,50,37
cz_slavetinska,CZ_LPR_Internal,1,1
cz_slavetinska,CZ_Generali_Info,50,25
cz_slavetinska,CZ_DKV_Assist,50,25
cz_slavetinska,CZ_T4,50,1
cz_slavetinska,CZ_T3,50,1
cz_slavetinska,CZ_T1,50,1
cz_slavetinska,CZ_M3,50,50
cz_slavetinska,CZ_M2,50,37
cz_slavetinska,CZ_M1,50,25
cz_slavetinska,CZ_Home_SK,50,25
cz_slavetinska,CZ_EA_QualityCalls,1,1
cz_slavetinska,CZ_Czech,3,1
cz_slavetinska,CZ_Slovak,1,1
cz_slavetinska,CZ_Europ_Assist,50,50
cz_slavetinska,CZ_Home,50,25
cz_slavetinska,CZ_EA_Pojisteni,1,1
cz_slavetinska,CZ_Cerveny_kriz,50,50
cz_slavetinska,CZ_Fiat_Info,50,5
cz_slavetinska,CZ_Telematika,50,25
cz_slavetinska,CZ_Tech,1,1
cz_slavetinska,CZ_Generali_Insolvence,50,50
cz_slavetinska,CZ_ECP_Insolvence,50,50
cz_slavetinska,CZ_Medical,50,12
cz_slavetinska,CZ_Information,1,1
cz_slavetinska,CZ_Waranty,1,1
cz_slavetinska,CZ_Junk,1,1
cz_slingr,CZ_Czech,1,1
cz_slingr,CZ_Slovak,1,1
cz_splechtova,CZ_Czech,1,1
cz_splechtova,CZ_Slovak,1,1
cz_springlova,CZ_Linka_Pomoci_Ridicum,50,37
cz_springlova,CZ_NCP,50,50
cz_springlova,CZ_T2,50,7
cz_springlova,CZ_Tech2,50,50
cz_springlova,CZ_DKV_Assist,50,7
cz_springlova,CZ_T4,50,7
cz_springlova,CZ_T3,50,7
cz_springlova,CZ_T1,50,7
cz_springlova,CZ_CCNCP,50,50
cz_springlova,CZ_Network,50,25
cz_springlova,CZ_Czech,3,1
cz_springlova,CZ_Slovak,1,1
cz_stankova,CZ_Linka_Pomoci_Ridicum,50,37
cz_stankova,CZ_NCP,50,50
cz_stankova,CZ_T2,50,7
cz_stankova,CZ_Tech2,50,50
cz_stankova,CZ_DKV_Assist,50,7
cz_stankova,CZ_T4,50,7
cz_stankova,CZ_T3,50,7
cz_stankova,CZ_T1,50,7
cz_stankova,CZ_CCNCP,50,50
cz_stankova,CZ_Network,50,25
cz_stankova,CZ_Czech,3,1
cz_stankova,CZ_Slovak,1,1
cz_stehnej,CZ_Linka_Pomoci_Ridicum,50,37
cz_stehnej,CZ_NCP,50,50
cz_stehnej,CZ_T2,50,7
cz_stehnej,CZ_Tech2,50,50
cz_stehnej,CZ_DKV_Assist,50,7
cz_stehnej,CZ_T4,50,7
cz_stehnej,CZ_T3,50,7
cz_stehnej,CZ_T1,50,7
cz_stehnej,CZ_Network,50,25
cz_stehnej,CZ_Czech,3,1
cz_stehnej,CZ_Slovak,1,1
cz_stolova,CZ_Linka_Pomoci_Ridicum,50,37
cz_stolova,CZ_NCP,50,50
cz_stolova,CZ_T2,50,7
cz_stolova,CZ_Tech2,50,50
cz_stolova,CZ_DKV_Assist,50,7
cz_stolova,CZ_T4,50,7
cz_stolova,CZ_T3,50,7
cz_stolova,CZ_T1,50,7
cz_stolova,CZ_CCNCP,50,50
cz_stolova,CZ_Network,50,25
cz_stolova,CZ_Czech,3,1
cz_stolova,CZ_Slovak,1,1
cz_stuchlikova,CZ_Linka_Pomoci_Ridicum,50,37
cz_stuchlikova,CZ_Tech2,50,50
cz_stuchlikova,CZ_CCNCP,50,50
cz_stuchlikova,CZ_Network,50,25
cz_stuchlikova,CZ_Czech,3,1
cz_stuchlikova,CZ_Slovak,1,1
cz_suchel,CZ_Linka_Pomoci_Ridicum,50,37
cz_suchel,CZ_NCP,50,50
cz_suchel,CZ_T2,50,25
cz_suchel,CZ_Concierge,50,25
cz_suchel,CZ_LPR_Internal,1,1
cz_suchel,CZ_Generali_Info,50,37
cz_suchel,CZ_DKV_Assist,50,50
cz_suchel,CZ_T4,50,50
cz_suchel,CZ_T3,50,37
cz_suchel,CZ_T1,50,12
cz_suchel,CZ_M3,50,12
cz_suchel,CZ_M2,50,12
cz_suchel,CZ_M1,50,12
cz_suchel,CZ_Home_SK,50,37
cz_suchel,CZ_EA_QualityCalls,1,1
cz_suchel,CZ_Network,50,25
cz_suchel,CZ_Czech,3,1
cz_suchel,CZ_Slovak,1,1
cz_suchel,CZ_Europ_Assist,50,37
cz_suchel,CZ_Home,50,37
cz_suchel,CZ_EA_Pojisteni,1,1
cz_suchel,CZ_Cerveny_kriz,50,50
cz_suchel,CZ_Fiat_Info,50,12
cz_suchel,CZ_Telematika,50,50
cz_suchel,CZ_Tech,100,1
cz_suchel,CZ_Generali_Insolvence,1,1
cz_suchel,CZ_ECP_Insolvence,1,1
cz_suchel,CZ_Medical,1,1
cz_suchel,CZ_Information,1,1
cz_suchel,CZ_Waranty,1,1
cz_suchel,CZ_Claims,1,1
cz_suchel,CZ_Junk,1,1
cz_suja,CZ_Linka_Pomoci_Ridicum,50,37
cz_suja,CZ_T2,50,37
cz_suja,CZ_Tech2,50,7
cz_suja,CZ_Generali_Info,50,37
cz_suja,CZ_T3,50,50
cz_suja,CZ_T1,50,25
cz_suja,CZ_EA_QualityCalls,1,1
cz_suja,CZ_Network,50,25
cz_suja,CZ_Czech,1,1
cz_suja,CZ_Slovak,3,1
cz_suja,CZ_Europ_Assist,50,37
cz_suja,CZ_EA_Pojisteni,1,1
cz_suja,CZ_Cerveny_kriz,50,50
cz_suja,CZ_T4,50,1
cz_suja,CZ_DKV_Assist,50,1
cz_svidran,CZ_Linka_Pomoci_Ridicum,50,37
cz_svidran,CZ_NCP,50,50
cz_svidran,CZ_T2,50,1
cz_svidran,CZ_Concierge,50,37
cz_svidran,CZ_Generali_Info,50,25
cz_svidran,CZ_DKV_Assist,50,25
cz_svidran,CZ_T3,50,1
cz_svidran,CZ_M3,50,50
cz_svidran,CZ_M2,50,37
cz_svidran,CZ_M1,50,25
cz_svidran,CZ_Home_SK,50,25
cz_svidran,CZ_EA_QualityCalls,1,1
cz_svidran,CZ_Network,50,37
cz_svidran,CZ_Czech,1,1
cz_svidran,CZ_Slovak,3,1
cz_svidran,CZ_Europ_Assist,50,50
cz_svidran,CZ_Home,50,25
cz_svidran,CZ_EA_Pojisteni,1,1
cz_svidran,CZ_Fiat_Info,50,5
cz_svidran,CZ_Tech,1,1
cz_svidran,CZ_Generali_Insolvence,50,50
cz_svidran,CZ_ECP_Insolvence,50,50
cz_svidran,CZ_Medical,50,12
cz_svidran,CZ_Information,1,1
cz_svidran,CZ_Waranty,1,1
cz_svidran,CZ_Junk,1,1
cz_svidran,CZ_T1,1,1
cz_svidran,CZ_Tech2,1,1
cz_svidran,CZ_Medipartner,50,50
cz_svidran,CZ_T4,1,1
cz_svoboda,CZ_Czech,3,1
cz_svoboda,CZ_Slovak,1,1
cz_svoboda,CZ_Home,50,50
cz_svoboda,CZ_Junk,1,1
cz_svoboda,CZ_Home_SK,50,50
cz_szabova,CZ_Linka_Pomoci_Ridicum,50,37
cz_szabova,CZ_Tech2,50,50
cz_szabova,CZ_CCNCP,50,50
cz_szabova,CZ_Network,50,25
cz_szabova,CZ_Czech,3,1
cz_szabova,CZ_Slovak,1,1
cz_tomasek,CZ_Linka_Pomoci_Ridicum,50,37
cz_tomasek,CZ_NCP,50,50
cz_tomasek,CZ_T2,50,7
cz_tomasek,CZ_Tech2,50,50
cz_tomasek,CZ_DKV_Assist,50,7
cz_tomasek,CZ_T4,50,7
cz_tomasek,CZ_T3,50,7
cz_tomasek,CZ_T1,50,7
cz_tomasek,CZ_CCNCP,50,50
cz_tomasek,CZ_Network,50,25
cz_tomasek,CZ_Czech,3,1
cz_tomasek,CZ_Slovak,1,1
cz_ulrich,CZ_Linka_Pomoci_Ridicum,50,50
cz_ulrich,CZ_T2,50,1
cz_ulrich,CZ_Concierge,50,37
cz_ulrich,CZ_Generali_Info,50,25
cz_ulrich,CZ_DKV_Assist,50,25
cz_ulrich,CZ_T4,50,1
cz_ulrich,CZ_T3,50,1
cz_ulrich,CZ_M3,50,50
cz_ulrich,CZ_M2,50,37
cz_ulrich,CZ_M1,50,25
cz_ulrich,CZ_Home_SK,50,25
cz_ulrich,CZ_EA_QualityCalls,1,1
cz_ulrich,CZ_Network,1,1
cz_ulrich,CZ_Czech,3,1
cz_ulrich,CZ_Slovak,1,1
cz_ulrich,CZ_Europ_Assist,50,50
cz_ulrich,CZ_Home,50,25
cz_ulrich,CZ_EA_Pojisteni,1,1
cz_ulrich,CZ_Fiat_Info,50,5
cz_ulrich,CZ_Generali_Insolvence,50,50
cz_ulrich,CZ_ECP_Insolvence,50,50
cz_ulrich,CZ_Medical,50,12
cz_ulrich,CZ_Junk,1,1
cz_ulrich,CZ_Tech2,1,1
cz_ulrich,CZ_Medipartner,50,50
cz_valicek,CZ_Linka_Pomoci_Ridicum,50,50
cz_valicek,CZ_T2,50,1
cz_valicek,CZ_Concierge,50,37
cz_valicek,CZ_Generali_Info,50,25
cz_valicek,CZ_DKV_Assist,50,25
cz_valicek,CZ_T3,50,1
cz_valicek,CZ_M3,50,50
cz_valicek,CZ_M2,50,37
cz_valicek,CZ_M1,50,25
cz_valicek,CZ_Home_SK,50,25
cz_valicek,CZ_EA_QualityCalls,1,1
cz_valicek,CZ_Network,1,1
cz_valicek,CZ_Czech,1,1
cz_valicek,CZ_Slovak,3,1
cz_valicek,CZ_Europ_Assist,50,50
cz_valicek,CZ_Home,50,25
cz_valicek,CZ_EA_Pojisteni,1,1
cz_valicek,CZ_Fiat_Info,50,5
cz_valicek,CZ_Generali_Insolvence,50,50
cz_valicek,CZ_ECP_Insolvence,50,50
cz_valicek,CZ_Medical,50,12
cz_valicek,CZ_Junk,1,1
cz_valicek,CZ_T1,1,1
cz_valicek,CZ_Tech2,1,1
cz_valicek,CZ_Medipartner,50,50
cz_vankova,CZ_T2,1,1
cz_vankova,CZ_Czech,3,1
cz_vankova,CZ_T1,1,1
cz_vankova,CZ_T3,1,1
cz_vankova,CZ_T4,1,1
cz_vankova,CZ_Tech2,1,1
cz_vankova,CZ_Slovak,1,1
cz_vankova,CZ_DKV_Assist,1,1
cz_vavrova,CZ_Linka_Pomoci_Ridicum,50,37
cz_vavrova,CZ_NCP,50,50
cz_vavrova,CZ_T2,50,25
cz_vavrova,CZ_Concierge,50,25
cz_vavrova,CZ_LPR_Internal,1,1
cz_vavrova,CZ_Tech2,50,7
cz_vavrova,CZ_Generali_Info,50,37
cz_vavrova,CZ_T4,50,50
cz_vavrova,CZ_T3,50,37
cz_vavrova,CZ_T1,50,12
cz_vavrova,CZ_M3,50,12
cz_vavrova,CZ_M2,50,12
cz_vavrova,CZ_M1,50,12
cz_vavrova,CZ_Home_SK,50,37
cz_vavrova,CZ_EA_QualityCalls,1,1
cz_vavrova,CZ_Network,50,25
cz_vavrova,CZ_Czech,1,1
cz_vavrova,CZ_Slovak,3,1
cz_vavrova,CZ_Europ_Assist,50,37
cz_vavrova,CZ_Home,50,37
cz_vavrova,CZ_EA_Pojisteni,1,1
cz_vavrova,CZ_Cerveny_kriz,50,50
cz_vavrova,CZ_Fiat_Info,50,12
cz_vavrova,CZ_Tech,100,1
cz_vavrova,CZ_Information,1,1
cz_vavrova,CZ_Waranty,1,1
cz_vavrova,CZ_Junk,1,1
cz_vavrova,CZ_DKV_Assist,50,50
cz_vesela,CZ_Linka_Pomoci_Ridicum,50,50
cz_vesela,CZ_T2,50,1
cz_vesela,CZ_Concierge,50,37
cz_vesela,CZ_Generali_Info,50,25
cz_vesela,CZ_DKV_Assist,50,25
cz_vesela,CZ_T4,50,1
cz_vesela,CZ_T3,50,1
cz_vesela,CZ_M3,50,50
cz_vesela,CZ_M2,50,37
cz_vesela,CZ_M1,50,25
cz_vesela,CZ_Home_SK,50,25
cz_vesela,CZ_EA_QualityCalls,1,1
cz_vesela,CZ_Network,1,1
cz_vesela,CZ_Czech,3,1
cz_vesela,CZ_Slovak,1,1
cz_vesela,CZ_Europ_Assist,50,50
cz_vesela,CZ_Home,50,25
cz_vesela,CZ_EA_Pojisteni,1,1
cz_vesela,CZ_Fiat_Info,50,5
cz_vesela,CZ_Tech,1,1
cz_vesela,CZ_Generali_Insolvence,50,50
cz_vesela,CZ_ECP_Insolvence,50,50
cz_vesela,CZ_Medical,50,12
cz_vesela,CZ_Information,1,1
cz_vesela,CZ_Waranty,1,1
cz_vesela,CZ_Junk,1,1
cz_vesela,CZ_Tech2,1,1
cz_veselaa,CZ_Linka_Pomoci_Ridicum,50,50
cz_veselaa,CZ_T2,50,25
cz_veselaa,CZ_Concierge,50,25
cz_veselaa,CZ_LPR_Internal,1,1
cz_veselaa,CZ_Generali_Info,50,37
cz_veselaa,CZ_DKV_Assist,50,50
cz_veselaa,CZ_T4,50,50
cz_veselaa,CZ_T3,50,37
cz_veselaa,CZ_T1,50,12
cz_veselaa,CZ_M3,50,12
cz_veselaa,CZ_M2,50,12
cz_veselaa,CZ_M1,50,12
cz_veselaa,CZ_Home_SK,50,37
cz_veselaa,CZ_EA_QualityCalls,1,1
cz_veselaa,CZ_Network,50,25
cz_veselaa,CZ_Czech,3,1
cz_veselaa,CZ_Slovak,1,1
cz_veselaa,CZ_Europ_Assist,50,37
cz_veselaa,CZ_Home,50,37
cz_veselaa,CZ_EA_Pojisteni,1,1
cz_veselaa,CZ_Cerveny_kriz,50,50
cz_veselaa,CZ_Fiat_Info,50,12
cz_veselaa,CZ_Telematika,50,50
cz_veselaa,CZ_Tech,100,1
cz_veselaa,CZ_Generali_Insolvence,1,1
cz_veselaa,CZ_ECP_Insolvence,1,1
cz_veselaa,CZ_Medical,1,1
cz_veselaa,CZ_Information,1,1
cz_veselaa,CZ_Waranty,1,1
cz_veselaa,CZ_Claims,1,1
cz_veselaa,CZ_Junk,1,1
cz_veselaa,CZ_Tech2,1,1
cz_veselam,CZ_Linka_Pomoci_Ridicum,50,50
cz_veselam,CZ_T2,1,1
cz_veselam,CZ_Concierge,50,37
cz_veselam,CZ_M3,50,50
cz_veselam,CZ_M2,50,37
cz_veselam,CZ_M1,50,25
cz_veselam,CZ_EA_QualityCalls,1,1
cz_veselam,CZ_Network,1,1
cz_veselam,CZ_Czech,3,1
cz_veselam,CZ_Slovak,1,1
cz_veselam,CZ_Europ_Assist,50,50
cz_veselam,CZ_Junk,1,1
cz_veselam,CZ_T1,1,1
cz_veselam,CZ_T3,1,1
cz_veselam,CZ_Tech2,1,1
cz_veselam,CZ_Home,1,1
cz_veselam,CZ_Medipartner,50,50
cz_vilim,CZ_Linka_Pomoci_Ridicum,50,37
cz_vilim,CZ_T2,50,25
cz_vilim,CZ_Concierge,50,25
cz_vilim,CZ_LPR_Internal,1,1
cz_vilim,CZ_Generali_Info,50,37
cz_vilim,CZ_DKV_Assist,50,50
cz_vilim,CZ_T4,50,50
cz_vilim,CZ_T3,50,37
cz_vilim,CZ_T1,50,12
cz_vilim,CZ_M3,50,12
cz_vilim,CZ_M2,50,12
cz_vilim,CZ_M1,50,12
cz_vilim,CZ_Home_SK,50,37
cz_vilim,CZ_EA_QualityCalls,1,1
cz_vilim,CZ_Network,50,25
cz_vilim,CZ_Czech,3,1
cz_vilim,CZ_Slovak,1,1
cz_vilim,CZ_Europ_Assist,50,37
cz_vilim,CZ_Home,50,37
cz_vilim,CZ_EA_Pojisteni,1,1
cz_vilim,CZ_Cerveny_kriz,50,50
cz_vilim,CZ_Fiat_Info,50,12
cz_vilim,CZ_Telematika,50,50
cz_vilim,CZ_Tech,100,1
cz_vilim,CZ_Generali_Insolvence,1,1
cz_vilim,CZ_ECP_Insolvence,1,1
cz_vilim,CZ_Medical,1,1
cz_vilim,CZ_Information,1,1
cz_vilim,CZ_Waranty,1,1
cz_vilim,CZ_Claims,1,1
cz_vilim,CZ_Junk,1,1
cz_vintrova,CZ_Linka_Pomoci_Ridicum,50,50
cz_vintrova,CZ_T2,50,1
cz_vintrova,CZ_Concierge,50,37
cz_vintrova,CZ_Generali_Info,50,25
cz_vintrova,CZ_DKV_Assist,50,25
cz_vintrova,CZ_T4,50,1
cz_vintrova,CZ_T3,50,1
cz_vintrova,CZ_M3,50,50
cz_vintrova,CZ_M2,50,37
cz_vintrova,CZ_M1,50,25
cz_vintrova,CZ_Home_SK,50,25
cz_vintrova,CZ_EA_QualityCalls,1,1
cz_vintrova,CZ_Network,1,1
cz_vintrova,CZ_Czech,3,1
cz_vintrova,CZ_Slovak,1,1
cz_vintrova,CZ_Europ_Assist,50,50
cz_vintrova,CZ_Home,50,25
cz_vintrova,CZ_EA_Pojisteni,1,1
cz_vintrova,CZ_Fiat_Info,50,5
cz_vintrova,CZ_Tech,1,1
cz_vintrova,CZ_Generali_Insolvence,50,50
cz_vintrova,CZ_ECP_Insolvence,50,50
cz_vintrova,CZ_Medical,50,12
cz_vintrova,CZ_Information,1,1
cz_vintrova,CZ_Waranty,1,1
cz_vintrova,CZ_Junk,1,1
cz_vintrova,CZ_Tech2,1,1
cz_vintrova,CZ_T1,1,1
cz_vintrova,CZ_Medipartner,50,50
cz_vladimir,CZ_Czech,3,1
cz_vladimir,CZ_Medical,100,100
cz_vlkovat,CZ_Linka_Pomoci_Ridicum,50,37
cz_vlkovat,CZ_T2,50,7
cz_vlkovat,CZ_Tech2,50,50
cz_vlkovat,CZ_DKV_Assist,50,7
cz_vlkovat,CZ_T4,50,7
cz_vlkovat,CZ_T3,50,7
cz_vlkovat,CZ_T1,50,7
cz_vlkovat,CZ_CCNCP,50,50
cz_vlkovat,CZ_Network,50,25
cz_vlkovat,CZ_Czech,3,1
cz_vlkovat,CZ_Slovak,1,1
cz_vondrackova,CZ_Czech,1,1
cz_vondrackova,CZ_Slovak,1,1
cz_vrabelova,CZ_Linka_Pomoci_Ridicum,50,50
cz_vrabelova,CZ_T2,50,1
cz_vrabelova,CZ_Concierge,50,37
cz_vrabelova,CZ_LPR_Internal,1,1
cz_vrabelova,CZ_Generali_Info,50,25
cz_vrabelova,CZ_DKV_Assist,50,25
cz_vrabelova,CZ_T4,50,1
cz_vrabelova,CZ_T3,50,1
cz_vrabelova,CZ_T1,50,1
cz_vrabelova,CZ_M3,50,50
cz_vrabelova,CZ_M2,50,37
cz_vrabelova,CZ_M1,50,25
cz_vrabelova,CZ_Home_SK,50,25
cz_vrabelova,CZ_EA_QualityCalls,1,1
cz_vrabelova,CZ_Czech,1,1
cz_vrabelova,CZ_Slovak,3,1
cz_vrabelova,CZ_Europ_Assist,50,50
cz_vrabelova,CZ_Home,50,25
cz_vrabelova,CZ_EA_Pojisteni,1,1
cz_vrabelova,CZ_Cerveny_kriz,50,50
cz_vrabelova,CZ_Fiat_Info,50,5
cz_vrabelova,CZ_Telematika,50,25
cz_vrabelova,CZ_Tech,1,1
cz_vrabelova,CZ_Generali_Insolvence,50,50
cz_vrabelova,CZ_ECP_Insolvence,50,50
cz_vrabelova,CZ_Medical,50,12
cz_vrabelova,CZ_Information,1,1
cz_vrabelova,CZ_Junk,1,1
cz_vu,CZ_Linka_Pomoci_Ridicum,50,50
cz_vu,CZ_T2,1,1
cz_vu,CZ_Generali_Info,50,50
cz_vu,CZ_M1,50,50
cz_vu,CZ_Czech,3,1
cz_vu,CZ_Slovak,1,1
cz_vu,CZ_T1,1,1
cz_vu,CZ_T3,1,1
cz_vu,CZ_Tech2,1,1
cz_vu,CZ_Home,1,1
cz_zabranova,CZ_Linka_Pomoci_Ridicum,50,37
cz_zabranova,CZ_T2,50,5
cz_zabranova,CZ_Concierge,50,25
cz_zabranova,CZ_LPR_Internal,1,1
cz_zabranova,CZ_Generali_Info,50,50
cz_zabranova,CZ_DKV_Assist,50,37
cz_zabranova,CZ_T4,50,5
cz_zabranova,CZ_T3,50,5
cz_zabranova,CZ_T1,50,5
cz_zabranova,CZ_M3,50,12
cz_zabranova,CZ_M2,50,12
cz_zabranova,CZ_M1,50,12
cz_zabranova,CZ_Home_SK,50,50
cz_zabranova,CZ_EA_QualityCalls,1,1
cz_zabranova,CZ_Network,50,25
cz_zabranova,CZ_Czech,3,1
cz_zabranova,CZ_Slovak,1,1
cz_zabranova,CZ_Europ_Assist,50,37
cz_zabranova,CZ_Home,50,50
cz_zabranova,CZ_EA_Pojisteni,1,1
cz_zabranova,CZ_Cerveny_kriz,50,50
cz_zabranova,CZ_Fiat_Info,50,25
cz_zabranova,CZ_Telematika,50,37
cz_zabranova,CZ_Tech,1,1
cz_zabranova,CZ_Information,50,50
cz_zabranova,CZ_Junk,1,1
cz_zichova,CZ_T2,1,1
cz_zichova,CZ_Czech,1,1
cz_zichova,CZ_Slovak,1,1
cz_zichova,CZ_T1,1,1
cz_zichova,CZ_T3,1,1
cz_zichova,CZ_Tech2,1,1
cz_zichova,CZ_Home,1,1
cz_zichova,CZ_Home_SK,1,1
cz_zichova,CZ_M1,50,50
cz_zimova,CZ_Linka_Pomoci_Ridicum,50,37
cz_zimova,CZ_T2,50,7
cz_zimova,CZ_Tech2,50,50
cz_zimova,CZ_DKV_Assist,50,7
cz_zimova,CZ_T4,50,7
cz_zimova,CZ_T3,50,7
cz_zimova,CZ_T1,50,7
cz_zimova,CZ_Czech,3,1
cz_zimova,CZ_Slovak,1,1
cz_zirovnicka,CZ_Linka_Pomoci_Ridicum,50,37
cz_zirovnicka,CZ_NCP,50,50
cz_zirovnicka,CZ_T2,50,25
cz_zirovnicka,CZ_Concierge,50,25
cz_zirovnicka,CZ_LPR_Internal,1,1
cz_zirovnicka,CZ_Tech2,50,7
cz_zirovnicka,CZ_Generali_Info,50,37
cz_zirovnicka,CZ_DKV_Assist,50,50
cz_zirovnicka,CZ_T4,50,50
cz_zirovnicka,CZ_T3,50,37
cz_zirovnicka,CZ_T1,50,12
cz_zirovnicka,CZ_M3,50,12
cz_zirovnicka,CZ_M2,50,12
cz_zirovnicka,CZ_M1,50,12
cz_zirovnicka,CZ_Home_SK,50,37
cz_zirovnicka,CZ_EA_QualityCalls,1,1
cz_zirovnicka,CZ_Network,50,25
cz_zirovnicka,CZ_Czech,3,1
cz_zirovnicka,CZ_Slovak,1,1
cz_zirovnicka,CZ_Europ_Assist,50,37
cz_zirovnicka,CZ_Home,50,37
cz_zirovnicka,CZ_EA_Pojisteni,1,1
cz_zirovnicka,CZ_Cerveny_kriz,50,50
cz_zirovnicka,CZ_Fiat_Info,50,12
cz_zirovnicka,CZ_Telematika,50,50
cz_zirovnicka,CZ_Tech,100,1
cz_zirovnicka,CZ_Information,1,1
cz_zirovnicka,CZ_Waranty,1,1
cz_zirovnicka,CZ_Junk,1,1
cz_zivicka,CZ_Linka_Pomoci_Ridicum,50,37
cz_zivicka,CZ_NCP,50,50
cz_zivicka,CZ_T2,50,25
cz_zivicka,CZ_LPR_Internal,1,1
cz_zivicka,CZ_Tech2,50,7
cz_zivicka,CZ_Generali_Info,50,37
cz_zivicka,CZ_T4,50,50
cz_zivicka,CZ_T3,50,37
cz_zivicka,CZ_T1,50,12
cz_zivicka,CZ_Home_SK,50,37
cz_zivicka,CZ_EA_QualityCalls,1,1
cz_zivicka,CZ_Network,50,25
cz_zivicka,CZ_Czech,3,1
cz_zivicka,CZ_Slovak,1,1
cz_zivicka,CZ_Europ_Assist,50,37
cz_zivicka,CZ_Home,50,37
cz_zivicka,CZ_EA_Pojisteni,1,1
cz_zivicka,CZ_Cerveny_kriz,50,50
cz_zivicka,CZ_Fiat_Info,50,12
cz_zivicka,CZ_Telematika,50,50
cz_zivicka,CZ_Tech,75,25
cz_zivicka,CZ_Information,1,1
cz_zivicka,CZ_Waranty,1,1
cz_zivicka,CZ_Junk,1,1
cz_zivicka,CZ_DKV_Assist,50,50
cz_zubekova,CZ_Slovak,1,1
cz_zubekova,CZ_Claims,25,75
